{"type":"FeatureCollection","features":[{"type":"Feature","properties":{"celula":"C000014","bairro":"Área não classificada","populacao":5.4,"n_ancoras":3},"geometry":{"type":"Polygon","coordinates":[[[-45.730481,-22.254254],[-45.730474,-22.252899],[-45.731929,-22.252893],[-45.731936,-22.254248],[-45.730481,-22.254254]]]}},{"type":"Feature","properties":{"celula":"C000015","bairro":"Área não classificada","populacao":21.7,"n_ancoras":12},"geometry":{"type":"Polygon","coordinates":[[[-45.730474,-22.252899],[-45.730467,-22.251544],[-45.731922,-22.251538],[-45.731929,-22.252893],[-45.730474,-22.252899]]]}},{"type":"Feature","properties":{"celula":"C001015","bairro":"Área não classificada","populacao":18.0,"n_ancoras":10},"geometry":{"type":"Polygon","coordinates":[[[-45.729018,-22.252906],[-45.729011,-22.251551],[-45.730467,-22.251544],[-45.730474,-22.252899],[-45.729018,-22.252906]]]}},{"type":"Feature","properties":{"celula":"C002015","bairro":"Área não classificada","populacao":19.8,"n_ancoras":11},"geometry":{"type":"Polygon","coordinates":[[[-45.727562,-22.252912],[-45.727555,-22.251557],[-45.729011,-22.251551],[-45.729018,-22.252906],[-45.727562,-22.252912]]]}},{"type":"Feature","properties":{"celula":"C002016","bairro":"Área não classificada","populacao":0.0,"n_ancoras":0},"geometry":{"type":"Polygon","coordinates":[[[-45.727555,-22.251557],[-45.727548,-22.250202],[-45.729004,-22.250196],[-45.729011,-22.251551],[-45.727555,-22.251557]]]}},{"type":"Feature","properties":{"celula":"C003015","bairro":"Área não classificada","populacao":0.0,"n_ancoras":0},"geometry":{"type":"Polygon","coordinates":[[[-45.726107,-22.252919],[-45.7261,-22.251564],[-45.727555,-22.251557],[-45.727562,-22.252912],[-45.726107,-22.252919]]]}},{"type":"Feature","properties":{"celula":"C003016","bairro":"Área não classificada","populacao":19.8,"n_ancoras":11},"geometry":{"type":"Polygon","coordinates":[[[-45.7261,-22.251564],[-45.726093,-22.250209],[-45.727548,-22.250202],[-45.727555,-22.251557],[-45.7261,-22.251564]]]}},{"type":"Feature","properties":{"celula":"C003035","bairro":"Chácara Doutor Luiz Rennó Mendes","populacao":7.1,"n_ancoras":4},"geometry":{"type":"Polygon","coordinates":[[[-45.725967,-22.225818],[-45.72596,-22.224463],[-45.727415,-22.224457],[-45.727422,-22.225812],[-45.725967,-22.225818]]]}},{"type":"Feature","properties":{"celula":"C003036","bairro":"Área não classificada","populacao":0.0,"n_ancoras":0},"geometry":{"type":"Polygon","coordinates":[[[-45.72596,-22.224463],[-45.725953,-22.223108],[-45.727408,-22.223102],[-45.727415,-22.224457],[-45.72596,-22.224463]]]}},{"type":"Feature","properties":{"celula":"C003037","bairro":"Chácara José G. Mendes","populacao":15.9,"n_ancoras":9},"geometry":{"type":"Polygon","coordinates":[[[-45.725953,-22.223108],[-45.725946,-22.221753],[-45.727401,-22.221747],[-45.727408,-22.223102],[-45.725953,-22.223108]]]}},{"type":"Feature","properties":{"celula":"C004016","bairro":"Área não classificada","populacao":18.0,"n_ancoras":10},"geometry":{"type":"Polygon","coordinates":[[[-45.724644,-22.25157],[-45.724637,-22.250215],[-45.726093,-22.250209],[-45.7261,-22.251564],[-45.724644,-22.25157]]]}},{"type":"Feature","properties":{"celula":"C004034","bairro":"Chácara Doutor Luiz Rennó Mendes","populacao":3.5,"n_ancoras":2},"geometry":{"type":"Polygon","coordinates":[[[-45.724519,-22.22718],[-45.724512,-22.225825],[-45.725967,-22.225818],[-45.725974,-22.227173],[-45.724519,-22.22718]]]}},{"type":"Feature","properties":{"celula":"C004035","bairro":"Chácara Doutor Luiz Rennó Mendes","populacao":169.6,"n_ancoras":96},"geometry":{"type":"Polygon","coordinates":[[[-45.724512,-22.225825],[-45.724505,-22.22447],[-45.72596,-22.224463],[-45.725967,-22.225818],[-45.724512,-22.225825]]]}},{"type":"Feature","properties":{"celula":"C004036","bairro":"Chácara Doutor Luiz Rennó Mendes","populacao":58.3,"n_ancoras":33},"geometry":{"type":"Polygon","coordinates":[[[-45.724505,-22.22447],[-45.724498,-22.223115],[-45.725953,-22.223108],[-45.72596,-22.224463],[-45.724505,-22.22447]]]}},{"type":"Feature","properties":{"celula":"C004037","bairro":"Chácara José G. Mendes","populacao":76.3,"n_ancoras":40},"geometry":{"type":"Polygon","coordinates":[[[-45.724498,-22.223115],[-45.724491,-22.22176],[-45.725946,-22.221753],[-45.725953,-22.223108],[-45.724498,-22.223115]]]}},{"type":"Feature","properties":{"celula":"C005016","bairro":"Área não classificada","populacao":25.3,"n_ancoras":14},"geometry":{"type":"Polygon","coordinates":[[[-45.723188,-22.251577],[-45.723181,-22.250222],[-45.724637,-22.250215],[-45.724644,-22.25157],[-45.723188,-22.251577]]]}},{"type":"Feature","properties":{"celula":"C005017","bairro":"Área não classificada","populacao":0.0,"n_ancoras":0},"geometry":{"type":"Polygon","coordinates":[[[-45.723181,-22.250222],[-45.723174,-22.248867],[-45.72463,-22.24886],[-45.724637,-22.250215],[-45.723181,-22.250222]]]}},{"type":"Feature","properties":{"celula":"C005034","bairro":"Chácara Doutor Luiz Rennó Mendes","populacao":77.9,"n_ancoras":30},"geometry":{"type":"Polygon","coordinates":[[[-45.723063,-22.227186],[-45.723056,-22.225831],[-45.724512,-22.225825],[-45.724519,-22.22718],[-45.723063,-22.227186]]]}},{"type":"Feature","properties":{"celula":"C005035","bairro":"Chácara Doutor Luiz Rennó Mendes","populacao":209.1,"n_ancoras":113},"geometry":{"type":"Polygon","coordinates":[[[-45.723056,-22.225831],[-45.723049,-22.224476],[-45.724505,-22.22447],[-45.724512,-22.225825],[-45.723056,-22.225831]]]}},{"type":"Feature","properties":{"celula":"C005036","bairro":"Chácara José G. Mendes","populacao":213.1,"n_ancoras":111},"geometry":{"type":"Polygon","coordinates":[[[-45.723049,-22.224476],[-45.723042,-22.223121],[-45.724498,-22.223115],[-45.724505,-22.22447],[-45.723049,-22.224476]]]}},{"type":"Feature","properties":{"celula":"C005037","bairro":"Chácara José G. Mendes","populacao":296.1,"n_ancoras":113},"geometry":{"type":"Polygon","coordinates":[[[-45.723042,-22.223121],[-45.723035,-22.221766],[-45.724491,-22.22176],[-45.724498,-22.223115],[-45.723042,-22.223121]]]}},{"type":"Feature","properties":{"celula":"C005038","bairro":"Área não classificada","populacao":0.0,"n_ancoras":0},"geometry":{"type":"Polygon","coordinates":[[[-45.723035,-22.221766],[-45.723028,-22.220411],[-45.724484,-22.220405],[-45.724491,-22.22176],[-45.723035,-22.221766]]]}},{"type":"Feature","properties":{"celula":"C006016","bairro":"Área não classificada","populacao":16.2,"n_ancoras":9},"geometry":{"type":"Polygon","coordinates":[[[-45.721733,-22.251583],[-45.721726,-22.250228],[-45.723181,-22.250222],[-45.723188,-22.251577],[-45.721733,-22.251583]]]}},{"type":"Feature","properties":{"celula":"C006017","bairro":"Área não classificada","populacao":34.3,"n_ancoras":19},"geometry":{"type":"Polygon","coordinates":[[[-45.721726,-22.250228],[-45.721719,-22.248873],[-45.723174,-22.248867],[-45.723181,-22.250222],[-45.721726,-22.250228]]]}},{"type":"Feature","properties":{"celula":"C006032","bairro":"Área não classificada","populacao":0.0,"n_ancoras":0},"geometry":{"type":"Polygon","coordinates":[[[-45.721622,-22.229903],[-45.721615,-22.228548],[-45.72307,-22.228541],[-45.723077,-22.229896],[-45.721622,-22.229903]]]}},{"type":"Feature","properties":{"celula":"C006033","bairro":"Chácara Pedro Sancho Vilela","populacao":46.3,"n_ancoras":13},"geometry":{"type":"Polygon","coordinates":[[[-45.721615,-22.228548],[-45.721608,-22.227193],[-45.723063,-22.227186],[-45.72307,-22.228541],[-45.721615,-22.228548]]]}},{"type":"Feature","properties":{"celula":"C006034","bairro":"Chácara Pedro Sancho Vilela","populacao":289.5,"n_ancoras":96},"geometry":{"type":"Polygon","coordinates":[[[-45.721608,-22.227193],[-45.721601,-22.225838],[-45.723056,-22.225831],[-45.723063,-22.227186],[-45.721608,-22.227193]]]}},{"type":"Feature","properties":{"celula":"C006035","bairro":"Chácara Marco Antonio Baracat","populacao":327.8,"n_ancoras":113},"geometry":{"type":"Polygon","coordinates":[[[-45.721601,-22.225838],[-45.721594,-22.224483],[-45.723049,-22.224476],[-45.723056,-22.225831],[-45.721601,-22.225838]]]}},{"type":"Feature","properties":{"celula":"C006036","bairro":"Chácara Marco Antonio Baracat","populacao":300.6,"n_ancoras":107},"geometry":{"type":"Polygon","coordinates":[[[-45.721594,-22.224483],[-45.721587,-22.223128],[-45.723042,-22.223121],[-45.723049,-22.224476],[-45.721594,-22.224483]]]}},{"type":"Feature","properties":{"celula":"C006037","bairro":"Chácara José G. Mendes","populacao":204.0,"n_ancoras":81},"geometry":{"type":"Polygon","coordinates":[[[-45.721587,-22.223128],[-45.72158,-22.221772],[-45.723035,-22.221766],[-45.723042,-22.223121],[-45.721587,-22.223128]]]}},{"type":"Feature","properties":{"celula":"C006038","bairro":"Área não classificada","populacao":0.0,"n_ancoras":0},"geometry":{"type":"Polygon","coordinates":[[[-45.72158,-22.221772],[-45.721573,-22.220417],[-45.723028,-22.220411],[-45.723035,-22.221766],[-45.72158,-22.221772]]]}},{"type":"Feature","properties":{"celula":"C007016","bairro":"Área não classificada","populacao":0.0,"n_ancoras":0},"geometry":{"type":"Polygon","coordinates":[[[-45.720277,-22.25159],[-45.72027,-22.250235],[-45.721726,-22.250228],[-45.721733,-22.251583],[-45.720277,-22.25159]]]}},{"type":"Feature","properties":{"celula":"C007017","bairro":"Área não classificada","populacao":57.7,"n_ancoras":32},"geometry":{"type":"Polygon","coordinates":[[[-45.72027,-22.250235],[-45.720263,-22.24888],[-45.721719,-22.248873],[-45.721726,-22.250228],[-45.72027,-22.250235]]]}},{"type":"Feature","properties":{"celula":"C007018","bairro":"Jardim Beira Rio","populacao":5.5,"n_ancoras":5},"geometry":{"type":"Polygon","coordinates":[[[-45.720263,-22.24888],[-45.720256,-22.247525],[-45.721712,-22.247518],[-45.721719,-22.248873],[-45.720263,-22.24888]]]}},{"type":"Feature","properties":{"celula":"C007019","bairro":"Jardim Beira Rio","populacao":2.2,"n_ancoras":2},"geometry":{"type":"Polygon","coordinates":[[[-45.720256,-22.247525],[-45.720249,-22.24617],[-45.721705,-22.246163],[-45.721712,-22.247518],[-45.720256,-22.247525]]]}},{"type":"Feature","properties":{"celula":"C007020","bairro":"Área não classificada","populacao":0.0,"n_ancoras":0},"geometry":{"type":"Polygon","coordinates":[[[-45.720249,-22.24617],[-45.720242,-22.244815],[-45.721698,-22.244808],[-45.721705,-22.246163],[-45.720249,-22.24617]]]}},{"type":"Feature","properties":{"celula":"C007032","bairro":"Área não classificada","populacao":0.0,"n_ancoras":0},"geometry":{"type":"Polygon","coordinates":[[[-45.720166,-22.229909],[-45.720159,-22.228554],[-45.721615,-22.228548],[-45.721622,-22.229903],[-45.720166,-22.229909]]]}},{"type":"Feature","properties":{"celula":"C007033","bairro":"Chácara Pedro Sancho Vilela","populacao":253.0,"n_ancoras":70},"geometry":{"type":"Polygon","coordinates":[[[-45.720159,-22.228554],[-45.720152,-22.227199],[-45.721608,-22.227193],[-45.721615,-22.228548],[-45.720159,-22.228554]]]}},{"type":"Feature","properties":{"celula":"C007034","bairro":"Chácara Pedro Sancho Vilela","populacao":408.3,"n_ancoras":125},"geometry":{"type":"Polygon","coordinates":[[[-45.720152,-22.227199],[-45.720145,-22.225844],[-45.721601,-22.225838],[-45.721608,-22.227193],[-45.720152,-22.227199]]]}},{"type":"Feature","properties":{"celula":"C007035","bairro":"Chácara Marco Antonio Baracat","populacao":312.7,"n_ancoras":100},"geometry":{"type":"Polygon","coordinates":[[[-45.720145,-22.225844],[-45.720139,-22.224489],[-45.721594,-22.224483],[-45.721601,-22.225838],[-45.720145,-22.225844]]]}},{"type":"Feature","properties":{"celula":"C007036","bairro":"Chácara Marco Antonio Baracat","populacao":369.5,"n_ancoras":101},"geometry":{"type":"Polygon","coordinates":[[[-45.720139,-22.224489],[-45.720132,-22.223134],[-45.721587,-22.223128],[-45.721594,-22.224483],[-45.720139,-22.224489]]]}},{"type":"Feature","properties":{"celula":"C007037","bairro":"Chácara Marco Antonio Baracat","populacao":60.0,"n_ancoras":24},"geometry":{"type":"Polygon","coordinates":[[[-45.720132,-22.223134],[-45.720125,-22.221779],[-45.72158,-22.221772],[-45.721587,-22.223128],[-45.720132,-22.223134]]]}},{"type":"Feature","properties":{"celula":"C007038","bairro":"Área não classificada","populacao":0.0,"n_ancoras":0},"geometry":{"type":"Polygon","coordinates":[[[-45.720125,-22.221779],[-45.720118,-22.220424],[-45.721573,-22.220417],[-45.72158,-22.221772],[-45.720125,-22.221779]]]}},{"type":"Feature","properties":{"celula":"C008017","bairro":"Área não classificada","populacao":12.6,"n_ancoras":7},"geometry":{"type":"Polygon","coordinates":[[[-45.718814,-22.250241],[-45.718808,-22.248886],[-45.720263,-22.24888],[-45.72027,-22.250235],[-45.718814,-22.250241]]]}},{"type":"Feature","properties":{"celula":"C008018","bairro":"Jardim Beira Rio","populacao":71.0,"n_ancoras":51},"geometry":{"type":"Polygon","coordinates":[[[-45.718808,-22.248886],[-45.718801,-22.247531],[-45.720256,-22.247525],[-45.720263,-22.24888],[-45.718808,-22.248886]]]}},{"type":"Feature","properties":{"celula":"C008019","bairro":"Jardim Beira Rio","populacao":52.9,"n_ancoras":48},"geometry":{"type":"Polygon","coordinates":[[[-45.718801,-22.247531],[-45.718794,-22.246176],[-45.720249,-22.24617],[-45.720256,-22.247525],[-45.718801,-22.247531]]]}},{"type":"Feature","properties":{"celula":"C008020","bairro":"Jardim Beira Rio","populacao":37.5,"n_ancoras":34},"geometry":{"type":"Polygon","coordinates":[[[-45.718794,-22.246176],[-45.718787,-22.244821],[-45.720242,-22.244815],[-45.720249,-22.24617],[-45.718794,-22.246176]]]}},{"type":"Feature","properties":{"celula":"C008021","bairro":"Jardim Beira Rio","populacao":46.3,"n_ancoras":42},"geometry":{"type":"Polygon","coordinates":[[[-45.718787,-22.244821],[-45.71878,-22.243466],[-45.720235,-22.24346],[-45.720242,-22.244815],[-45.718787,-22.244821]]]}},{"type":"Feature","properties":{"celula":"C008022","bairro":"Jardim Beira Rio","populacao":5.5,"n_ancoras":5},"geometry":{"type":"Polygon","coordinates":[[[-45.71878,-22.243466],[-45.718773,-22.242111],[-45.720229,-22.242105],[-45.720235,-22.24346],[-45.71878,-22.243466]]]}},{"type":"Feature","properties":{"celula":"C008023","bairro":"Área não classificada","populacao":0.0,"n_ancoras":0},"geometry":{"type":"Polygon","coordinates":[[[-45.718773,-22.242111],[-45.718766,-22.240756],[-45.720222,-22.240749],[-45.720229,-22.242105],[-45.718773,-22.242111]]]}},{"type":"Feature","properties":{"celula":"C008033","bairro":"Chácara Pedro Sancho Vilela","populacao":209.0,"n_ancoras":60},"geometry":{"type":"Polygon","coordinates":[[[-45.718704,-22.228561],[-45.718697,-22.227206],[-45.720152,-22.227199],[-45.720159,-22.228554],[-45.718704,-22.228561]]]}},{"type":"Feature","properties":{"celula":"C008034","bairro":"Chácara Pedro Sancho Vilela","populacao":340.5,"n_ancoras":117},"geometry":{"type":"Polygon","coordinates":[[[-45.718697,-22.227206],[-45.71869,-22.225851],[-45.720145,-22.225844],[-45.720152,-22.227199],[-45.718697,-22.227206]]]}},{"type":"Feature","properties":{"celula":"C008035","bairro":"Recanto das Margaridas","populacao":275.6,"n_ancoras":99},"geometry":{"type":"Polygon","coordinates":[[[-45.71869,-22.225851],[-45.718683,-22.224495],[-45.720139,-22.224489],[-45.720145,-22.225844],[-45.71869,-22.225851]]]}},{"type":"Feature","properties":{"celula":"C008036","bairro":"Chácara Marco Antonio Baracat","populacao":274.1,"n_ancoras":92},"geometry":{"type":"Polygon","coordinates":[[[-45.718683,-22.224495],[-45.718676,-22.22314],[-45.720132,-22.223134],[-45.720139,-22.224489],[-45.718683,-22.224495]]]}},{"type":"Feature","properties":{"celula":"C008037","bairro":"Chácara Marco Antonio Baracat","populacao":6.7,"n_ancoras":4},"geometry":{"type":"Polygon","coordinates":[[[-45.718676,-22.22314],[-45.718669,-22.221785],[-45.720125,-22.221779],[-45.720132,-22.223134],[-45.718676,-22.22314]]]}},{"type":"Feature","properties":{"celula":"C009017","bairro":"Área não classificada","populacao":0.0,"n_ancoras":0},"geometry":{"type":"Polygon","coordinates":[[[-45.717359,-22.250248],[-45.717352,-22.248893],[-45.718808,-22.248886],[-45.718814,-22.250241],[-45.717359,-22.250248]]]}},{"type":"Feature","properties":{"celula":"C009018","bairro":"Jardim Beira Rio","populacao":71.7,"n_ancoras":44},"geometry":{"type":"Polygon","coordinates":[[[-45.717352,-22.248893],[-45.717345,-22.247538],[-45.718801,-22.247531],[-45.718808,-22.248886],[-45.717352,-22.248893]]]}},{"type":"Feature","properties":{"celula":"C009019","bairro":"Jardim Beira Rio","populacao":105.6,"n_ancoras":81},"geometry":{"type":"Polygon","coordinates":[[[-45.717345,-22.247538],[-45.717338,-22.246183],[-45.718794,-22.246176],[-45.718801,-22.247531],[-45.717345,-22.247538]]]}},{"type":"Feature","properties":{"celula":"C009020","bairro":"Jardim Beira Rio","populacao":84.9,"n_ancoras":77},"geometry":{"type":"Polygon","coordinates":[[[-45.717338,-22.246183],[-45.717331,-22.244827],[-45.718787,-22.244821],[-45.718794,-22.246176],[-45.717338,-22.246183]]]}},{"type":"Feature","properties":{"celula":"C009021","bairro":"Jardim Beira Rio","populacao":90.4,"n_ancoras":82},"geometry":{"type":"Polygon","coordinates":[[[-45.717331,-22.244827],[-45.717324,-22.243472],[-45.71878,-22.243466],[-45.718787,-22.244821],[-45.717331,-22.244827]]]}},{"type":"Feature","properties":{"celula":"C009022","bairro":"Jardim Beira Rio","populacao":69.5,"n_ancoras":63},"geometry":{"type":"Polygon","coordinates":[[[-45.717324,-22.243472],[-45.717317,-22.242117],[-45.718773,-22.242111],[-45.71878,-22.243466],[-45.717324,-22.243472]]]}},{"type":"Feature","properties":{"celula":"C009023","bairro":"Área não classificada","populacao":0.0,"n_ancoras":0},"geometry":{"type":"Polygon","coordinates":[[[-45.717317,-22.242117],[-45.717311,-22.240762],[-45.718766,-22.240756],[-45.718773,-22.242111],[-45.717317,-22.242117]]]}},{"type":"Feature","properties":{"celula":"C009033","bairro":"Recanto das Margaridas","populacao":78.8,"n_ancoras":31},"geometry":{"type":"Polygon","coordinates":[[[-45.717248,-22.228567],[-45.717242,-22.227212],[-45.718697,-22.227206],[-45.718704,-22.228561],[-45.717248,-22.228567]]]}},{"type":"Feature","properties":{"celula":"C009034","bairro":"Recanto das Margaridas","populacao":219.8,"n_ancoras":100},"geometry":{"type":"Polygon","coordinates":[[[-45.717242,-22.227212],[-45.717235,-22.225857],[-45.71869,-22.225851],[-45.718697,-22.227206],[-45.717242,-22.227212]]]}},{"type":"Feature","properties":{"celula":"C009035","bairro":"Recanto das Margaridas","populacao":207.3,"n_ancoras":79},"geometry":{"type":"Polygon","coordinates":[[[-45.717235,-22.225857],[-45.717228,-22.224502],[-45.718683,-22.224495],[-45.71869,-22.225851],[-45.717235,-22.225857]]]}},{"type":"Feature","properties":{"celula":"C009036","bairro":"São Roque","populacao":80.0,"n_ancoras":40},"geometry":{"type":"Polygon","coordinates":[[[-45.717228,-22.224502],[-45.717221,-22.223147],[-45.718676,-22.22314],[-45.718683,-22.224495],[-45.717228,-22.224502]]]}},{"type":"Feature","properties":{"celula":"C009037","bairro":"São Benedito","populacao":26.7,"n_ancoras":16},"geometry":{"type":"Polygon","coordinates":[[[-45.717221,-22.223147],[-45.717214,-22.221792],[-45.718669,-22.221785],[-45.718676,-22.22314],[-45.717221,-22.223147]]]}},{"type":"Feature","properties":{"celula":"C009038","bairro":"São Benedito","populacao":104.6,"n_ancoras":58},"geometry":{"type":"Polygon","coordinates":[[[-45.717214,-22.221792],[-45.717207,-22.220437],[-45.718662,-22.22043],[-45.718669,-22.221785],[-45.717214,-22.221792]]]}},{"type":"Feature","properties":{"celula":"C009039","bairro":"São Benedito","populacao":69.9,"n_ancoras":34},"geometry":{"type":"Polygon","coordinates":[[[-45.717207,-22.220437],[-45.7172,-22.219082],[-45.718656,-22.219075],[-45.718662,-22.22043],[-45.717207,-22.220437]]]}},{"type":"Feature","properties":{"celula":"C009040","bairro":"São Benedito","populacao":18.5,"n_ancoras":9},"geometry":{"type":"Polygon","coordinates":[[[-45.7172,-22.219082],[-45.717193,-22.217727],[-45.718649,-22.21772],[-45.718656,-22.219075],[-45.7172,-22.219082]]]}},{"type":"Feature","properties":{"celula":"C010013","bairro":"Área não classificada","populacao":0.0,"n_ancoras":0},"geometry":{"type":"Polygon","coordinates":[[[-45.715931,-22.255674],[-45.715924,-22.254319],[-45.71738,-22.254313],[-45.717386,-22.255668],[-45.715931,-22.255674]]]}},{"type":"Feature","properties":{"celula":"C010014","bairro":"Área não classificada","populacao":0.0,"n_ancoras":0},"geometry":{"type":"Polygon","coordinates":[[[-45.715924,-22.254319],[-45.715917,-22.252964],[-45.717373,-22.252958],[-45.71738,-22.254313],[-45.715924,-22.254319]]]}},{"type":"Feature","properties":{"celula":"C010018","bairro":"Jardim Beira Rio","populacao":13.0,"n_ancoras":8},"geometry":{"type":"Polygon","coordinates":[[[-45.715896,-22.248899],[-45.715889,-22.247544],[-45.717345,-22.247538],[-45.717352,-22.248893],[-45.715896,-22.248899]]]}},{"type":"Feature","properties":{"celula":"C010019","bairro":"Jardim Beira Rio","populacao":90.7,"n_ancoras":57},"geometry":{"type":"Polygon","coordinates":[[[-45.715889,-22.247544],[-45.715882,-22.246189],[-45.717338,-22.246183],[-45.717345,-22.247538],[-45.715889,-22.247544]]]}},{"type":"Feature","properties":{"celula":"C010020","bairro":"Jardim Beira Rio","populacao":82.5,"n_ancoras":72},"geometry":{"type":"Polygon","coordinates":[[[-45.715882,-22.246189],[-45.715876,-22.244834],[-45.717331,-22.244827],[-45.717338,-22.246183],[-45.715882,-22.246189]]]}},{"type":"Feature","properties":{"celula":"C010021","bairro":"Jardim Beira Rio","populacao":99.2,"n_ancoras":90},"geometry":{"type":"Polygon","coordinates":[[[-45.715876,-22.244834],[-45.715869,-22.243479],[-45.717324,-22.243472],[-45.717331,-22.244827],[-45.715876,-22.244834]]]}},{"type":"Feature","properties":{"celula":"C010022","bairro":"Jardim Beira Rio","populacao":128.2,"n_ancoras":93},"geometry":{"type":"Polygon","coordinates":[[[-45.715869,-22.243479],[-45.715862,-22.242124],[-45.717317,-22.242117],[-45.717324,-22.243472],[-45.715869,-22.243479]]]}},{"type":"Feature","properties":{"celula":"C010023","bairro":"Jardim das Palmeiras","populacao":41.8,"n_ancoras":25},"geometry":{"type":"Polygon","coordinates":[[[-45.715862,-22.242124],[-45.715855,-22.240769],[-45.717311,-22.240762],[-45.717317,-22.242117],[-45.715862,-22.242124]]]}},{"type":"Feature","properties":{"celula":"C010024","bairro":"Área não classificada","populacao":0.0,"n_ancoras":0},"geometry":{"type":"Polygon","coordinates":[[[-45.715855,-22.240769],[-45.715848,-22.239414],[-45.717304,-22.239407],[-45.717311,-22.240762],[-45.715855,-22.240769]]]}},{"type":"Feature","properties":{"celula":"C010033","bairro":"Santa Felicidade","populacao":139.2,"n_ancoras":73},"geometry":{"type":"Polygon","coordinates":[[[-45.715793,-22.228573],[-45.715786,-22.227218],[-45.717242,-22.227212],[-45.717248,-22.228567],[-45.715793,-22.228573]]]}},{"type":"Feature","properties":{"celula":"C010034","bairro":"Recanto das Margaridas","populacao":228.6,"n_ancoras":111},"geometry":{"type":"Polygon","coordinates":[[[-45.715786,-22.227218],[-45.715779,-22.225863],[-45.717235,-22.225857],[-45.717242,-22.227212],[-45.715786,-22.227218]]]}},{"type":"Feature","properties":{"celula":"C010035","bairro":"Recanto das Margaridas","populacao":170.7,"n_ancoras":93},"geometry":{"type":"Polygon","coordinates":[[[-45.715779,-22.225863],[-45.715772,-22.224508],[-45.717228,-22.224502],[-45.717235,-22.225857],[-45.715779,-22.225863]]]}},{"type":"Feature","properties":{"celula":"C010036","bairro":"São Roque","populacao":78.6,"n_ancoras":47},"geometry":{"type":"Polygon","coordinates":[[[-45.715772,-22.224508],[-45.715766,-22.223153],[-45.717221,-22.223147],[-45.717228,-22.224502],[-45.715772,-22.224508]]]}},{"type":"Feature","properties":{"celula":"C010037","bairro":"São Benedito","populacao":65.2,"n_ancoras":39},"geometry":{"type":"Polygon","coordinates":[[[-45.715766,-22.223153],[-45.715759,-22.221798],[-45.717214,-22.221792],[-45.717221,-22.223147],[-45.715766,-22.223153]]]}},{"type":"Feature","properties":{"celula":"C010038","bairro":"São Benedito","populacao":232.3,"n_ancoras":122},"geometry":{"type":"Polygon","coordinates":[[[-45.715759,-22.221798],[-45.715752,-22.220443],[-45.717207,-22.220437],[-45.717214,-22.221792],[-45.715759,-22.221798]]]}},{"type":"Feature","properties":{"celula":"C010039","bairro":"São Benedito","populacao":230.1,"n_ancoras":112},"geometry":{"type":"Polygon","coordinates":[[[-45.715752,-22.220443],[-45.715745,-22.219088],[-45.7172,-22.219082],[-45.717207,-22.220437],[-45.715752,-22.220443]]]}},{"type":"Feature","properties":{"celula":"C010040","bairro":"São Benedito","populacao":110.9,"n_ancoras":54},"geometry":{"type":"Polygon","coordinates":[[[-45.715745,-22.219088],[-45.715738,-22.217733],[-45.717193,-22.217727],[-45.7172,-22.219082],[-45.715745,-22.219088]]]}},{"type":"Feature","properties":{"celula":"C011003","bairro":"Área não classificada","populacao":0.0,"n_ancoras":0},"geometry":{"type":"Polygon","coordinates":[[[-45.714544,-22.269231],[-45.714537,-22.267876],[-45.715993,-22.26787],[-45.716,-22.269225],[-45.714544,-22.269231]]]}},{"type":"Feature","properties":{"celula":"C011004","bairro":"Área não classificada","populacao":0.0,"n_ancoras":0},"geometry":{"type":"Polygon","coordinates":[[[-45.714537,-22.267876],[-45.71453,-22.266521],[-45.715986,-22.266514],[-45.715993,-22.26787],[-45.714537,-22.267876]]]}},{"type":"Feature","properties":{"celula":"C011012","bairro":"Área não classificada","populacao":0.0,"n_ancoras":0},"geometry":{"type":"Polygon","coordinates":[[[-45.714482,-22.257036],[-45.714475,-22.255681],[-45.715931,-22.255674],[-45.715938,-22.257029],[-45.714482,-22.257036]]]}},{"type":"Feature","properties":{"celula":"C011013","bairro":"Por do Sol","populacao":7.8,"n_ancoras":8},"geometry":{"type":"Polygon","coordinates":[[[-45.714475,-22.255681],[-45.714468,-22.254326],[-45.715924,-22.254319],[-45.715931,-22.255674],[-45.714475,-22.255681]]]}},{"type":"Feature","properties":{"celula":"C011014","bairro":"Pedreira","populacao":8.8,"n_ancoras":9},"geometry":{"type":"Polygon","coordinates":[[[-45.714468,-22.254326],[-45.714461,-22.252971],[-45.715917,-22.252964],[-45.715924,-22.254319],[-45.714468,-22.254326]]]}},{"type":"Feature","properties":{"celula":"C011018","bairro":"Área não classificada","populacao":0.0,"n_ancoras":0},"geometry":{"type":"Polygon","coordinates":[[[-45.714441,-22.248905],[-45.714434,-22.24755],[-45.715889,-22.247544],[-45.715896,-22.248899],[-45.714441,-22.248905]]]}},{"type":"Feature","properties":{"celula":"C011019","bairro":"Fernandes","populacao":44.0,"n_ancoras":27},"geometry":{"type":"Polygon","coordinates":[[[-45.714434,-22.24755],[-45.714427,-22.246195],[-45.715882,-22.246189],[-45.715889,-22.247544],[-45.714434,-22.24755]]]}},{"type":"Feature","properties":{"celula":"C011020","bairro":"Fernandes","populacao":86.0,"n_ancoras":57},"geometry":{"type":"Polygon","coordinates":[[[-45.714427,-22.246195],[-45.71442,-22.24484],[-45.715876,-22.244834],[-45.715882,-22.246189],[-45.714427,-22.246195]]]}},{"type":"Feature","properties":{"celula":"C011021","bairro":"Fernandes","populacao":130.3,"n_ancoras":87},"geometry":{"type":"Polygon","coordinates":[[[-45.71442,-22.24484],[-45.714413,-22.243485],[-45.715869,-22.243479],[-45.715876,-22.244834],[-45.71442,-22.24484]]]}},{"type":"Feature","properties":{"celula":"C011022","bairro":"Fernandes","populacao":156.1,"n_ancoras":86},"geometry":{"type":"Polygon","coordinates":[[[-45.714413,-22.243485],[-45.714406,-22.24213],[-45.715862,-22.242124],[-45.715869,-22.243479],[-45.714413,-22.243485]]]}},{"type":"Feature","properties":{"celula":"C011023","bairro":"Jardim das Palmeiras","populacao":94.4,"n_ancoras":52},"geometry":{"type":"Polygon","coordinates":[[[-45.714406,-22.24213],[-45.714399,-22.240775],[-45.715855,-22.240769],[-45.715862,-22.242124],[-45.714406,-22.24213]]]}},{"type":"Feature","properties":{"celula":"C011024","bairro":"Jardim das Palmeiras","populacao":3.6,"n_ancoras":2},"geometry":{"type":"Polygon","coordinates":[[[-45.714399,-22.240775],[-45.714393,-22.23942],[-45.715848,-22.239414],[-45.715855,-22.240769],[-45.714399,-22.240775]]]}},{"type":"Feature","properties":{"celula":"C011025","bairro":"Área não classificada","populacao":0.0,"n_ancoras":0},"geometry":{"type":"Polygon","coordinates":[[[-45.714393,-22.23942],[-45.714386,-22.238065],[-45.715841,-22.238059],[-45.715848,-22.239414],[-45.714393,-22.23942]]]}},{"type":"Feature","properties":{"celula":"C011032","bairro":"Santa Felicidade","populacao":42.0,"n_ancoras":23},"geometry":{"type":"Polygon","coordinates":[[[-45.714344,-22.229935],[-45.714338,-22.22858],[-45.715793,-22.228573],[-45.7158,-22.229928],[-45.714344,-22.229935]]]}},{"type":"Feature","properties":{"celula":"C011033","bairro":"Santa Felicidade","populacao":210.7,"n_ancoras":113},"geometry":{"type":"Polygon","coordinates":[[[-45.714338,-22.22858],[-45.714331,-22.227225],[-45.715786,-22.227218],[-45.715793,-22.228573],[-45.714338,-22.22858]]]}},{"type":"Feature","properties":{"celula":"C011034","bairro":"Santa Felicidade","populacao":203.4,"n_ancoras":100},"geometry":{"type":"Polygon","coordinates":[[[-45.714331,-22.227225],[-45.714324,-22.22587],[-45.715779,-22.225863],[-45.715786,-22.227218],[-45.714331,-22.227225]]]}},{"type":"Feature","properties":{"celula":"C011035","bairro":"São Roque 2","populacao":98.7,"n_ancoras":53},"geometry":{"type":"Polygon","coordinates":[[[-45.714324,-22.22587],[-45.714317,-22.224515],[-45.715772,-22.224508],[-45.715779,-22.225863],[-45.714324,-22.22587]]]}},{"type":"Feature","properties":{"celula":"C011036","bairro":"São Roque 2","populacao":68.5,"n_ancoras":41},"geometry":{"type":"Polygon","coordinates":[[[-45.714317,-22.224515],[-45.71431,-22.22316],[-45.715766,-22.223153],[-45.715772,-22.224508],[-45.714317,-22.224515]]]}},{"type":"Feature","properties":{"celula":"C011037","bairro":"Área não classificada","populacao":0.0,"n_ancoras":0},"geometry":{"type":"Polygon","coordinates":[[[-45.71431,-22.22316],[-45.714303,-22.221805],[-45.715759,-22.221798],[-45.715766,-22.223153],[-45.71431,-22.22316]]]}},{"type":"Feature","properties":{"celula":"C011038","bairro":"São Benedito","populacao":23.9,"n_ancoras":12},"geometry":{"type":"Polygon","coordinates":[[[-45.714303,-22.221805],[-45.714296,-22.22045],[-45.715752,-22.220443],[-45.715759,-22.221798],[-45.714303,-22.221805]]]}},{"type":"Feature","properties":{"celula":"C011039","bairro":"São Benedito","populacao":34.9,"n_ancoras":17},"geometry":{"type":"Polygon","coordinates":[[[-45.714296,-22.22045],[-45.71429,-22.219095],[-45.715745,-22.219088],[-45.715752,-22.220443],[-45.714296,-22.22045]]]}},{"type":"Feature","properties":{"celula":"C011040","bairro":"Área não classificada","populacao":0.0,"n_ancoras":0},"geometry":{"type":"Polygon","coordinates":[[[-45.71429,-22.219095],[-45.714283,-22.217739],[-45.715738,-22.217733],[-45.715745,-22.219088],[-45.71429,-22.219095]]]}},{"type":"Feature","properties":{"celula":"C012002","bairro":"Área não classificada","populacao":0.0,"n_ancoras":0},"geometry":{"type":"Polygon","coordinates":[[[-45.713095,-22.270592],[-45.713088,-22.269237],[-45.714544,-22.269231],[-45.714551,-22.270586],[-45.713095,-22.270592]]]}},{"type":"Feature","properties":{"celula":"C012003","bairro":"São José","populacao":92.0,"n_ancoras":66},"geometry":{"type":"Polygon","coordinates":[[[-45.713088,-22.269237],[-45.713081,-22.267882],[-45.714537,-22.267876],[-45.714544,-22.269231],[-45.713088,-22.269237]]]}},{"type":"Feature","properties":{"celula":"C012004","bairro":"São José","populacao":78.1,"n_ancoras":56},"geometry":{"type":"Polygon","coordinates":[[[-45.713081,-22.267882],[-45.713074,-22.266527],[-45.71453,-22.266521],[-45.714537,-22.267876],[-45.713081,-22.267882]]]}},{"type":"Feature","properties":{"celula":"C012005","bairro":"São José","populacao":7.0,"n_ancoras":5},"geometry":{"type":"Polygon","coordinates":[[[-45.713074,-22.266527],[-45.713067,-22.265172],[-45.714523,-22.265166],[-45.71453,-22.266521],[-45.713074,-22.266527]]]}},{"type":"Feature","properties":{"celula":"C012007","bairro":"Área não classificada","populacao":0.0,"n_ancoras":0},"geometry":{"type":"Polygon","coordinates":[[[-45.71306,-22.263817],[-45.713054,-22.262462],[-45.714509,-22.262456],[-45.714516,-22.263811],[-45.71306,-22.263817]]]}},{"type":"Feature","properties":{"celula":"C012008","bairro":"Santa Rita","populacao":7.0,"n_ancoras":5},"geometry":{"type":"Polygon","coordinates":[[[-45.713054,-22.262462],[-45.713047,-22.261107],[-45.714503,-22.261101],[-45.714509,-22.262456],[-45.713054,-22.262462]]]}},{"type":"Feature","properties":{"celula":"C012009","bairro":"Santa Rita","populacao":16.9,"n_ancoras":13},"geometry":{"type":"Polygon","coordinates":[[[-45.713047,-22.261107],[-45.71304,-22.259752],[-45.714496,-22.259746],[-45.714503,-22.261101],[-45.713047,-22.261107]]]}},{"type":"Feature","properties":{"celula":"C012010","bairro":"Área não classificada","populacao":0.0,"n_ancoras":0},"geometry":{"type":"Polygon","coordinates":[[[-45.71304,-22.259752],[-45.713033,-22.258397],[-45.714489,-22.258391],[-45.714496,-22.259746],[-45.71304,-22.259752]]]}},{"type":"Feature","properties":{"celula":"C012011","bairro":"Área não classificada","populacao":0.0,"n_ancoras":0},"geometry":{"type":"Polygon","coordinates":[[[-45.713033,-22.258397],[-45.713026,-22.257042],[-45.714482,-22.257036],[-45.714489,-22.258391],[-45.713033,-22.258397]]]}},{"type":"Feature","properties":{"celula":"C012012","bairro":"Por do Sol","populacao":18.6,"n_ancoras":19},"geometry":{"type":"Polygon","coordinates":[[[-45.713026,-22.257042],[-45.713019,-22.255687],[-45.714475,-22.255681],[-45.714482,-22.257036],[-45.713026,-22.257042]]]}},{"type":"Feature","properties":{"celula":"C012013","bairro":"Por do Sol","populacao":23.5,"n_ancoras":24},"geometry":{"type":"Polygon","coordinates":[[[-45.713019,-22.255687],[-45.713012,-22.254332],[-45.714468,-22.254326],[-45.714475,-22.255681],[-45.713019,-22.255687]]]}},{"type":"Feature","properties":{"celula":"C012014","bairro":"Pedreira","populacao":33.2,"n_ancoras":34},"geometry":{"type":"Polygon","coordinates":[[[-45.713012,-22.254332],[-45.713006,-22.252977],[-45.714461,-22.252971],[-45.714468,-22.254326],[-45.713012,-22.254332]]]}},{"type":"Feature","properties":{"celula":"C012015","bairro":"Área não classificada","populacao":0.0,"n_ancoras":0},"geometry":{"type":"Polygon","coordinates":[[[-45.713006,-22.252977],[-45.712999,-22.251622],[-45.714454,-22.251615],[-45.714461,-22.252971],[-45.713006,-22.252977]]]}},{"type":"Feature","properties":{"celula":"C012018","bairro":"Área não classificada","populacao":0.0,"n_ancoras":0},"geometry":{"type":"Polygon","coordinates":[[[-45.712985,-22.248912],[-45.712978,-22.247557],[-45.714434,-22.24755],[-45.714441,-22.248905],[-45.712985,-22.248912]]]}},{"type":"Feature","properties":{"celula":"C012019","bairro":"Fernandes","populacao":84.7,"n_ancoras":52},"geometry":{"type":"Polygon","coordinates":[[[-45.712978,-22.247557],[-45.712971,-22.246202],[-45.714427,-22.246195],[-45.714434,-22.24755],[-45.712978,-22.247557]]]}},{"type":"Feature","properties":{"celula":"C012020","bairro":"Fernandes","populacao":123.1,"n_ancoras":74},"geometry":{"type":"Polygon","coordinates":[[[-45.712971,-22.246202],[-45.712964,-22.244847],[-45.71442,-22.24484],[-45.714427,-22.246195],[-45.712971,-22.246202]]]}},{"type":"Feature","properties":{"celula":"C012021","bairro":"Fernandes","populacao":184.4,"n_ancoras":90},"geometry":{"type":"Polygon","coordinates":[[[-45.712964,-22.244847],[-45.712958,-22.243492],[-45.714413,-22.243485],[-45.71442,-22.24484],[-45.712964,-22.244847]]]}},{"type":"Feature","properties":{"celula":"C012022","bairro":"Fernandes","populacao":147.1,"n_ancoras":81},"geometry":{"type":"Polygon","coordinates":[[[-45.712958,-22.243492],[-45.712951,-22.242137],[-45.714406,-22.24213],[-45.714413,-22.243485],[-45.712958,-22.243492]]]}},{"type":"Feature","properties":{"celula":"C012023","bairro":"Jardim das Palmeiras","populacao":151.1,"n_ancoras":93},"geometry":{"type":"Polygon","coordinates":[[[-45.712951,-22.242137],[-45.712944,-22.240782],[-45.714399,-22.240775],[-45.714406,-22.24213],[-45.712951,-22.242137]]]}},{"type":"Feature","properties":{"celula":"C012024","bairro":"Jardim das Palmeiras","populacao":82.4,"n_ancoras":72},"geometry":{"type":"Polygon","coordinates":[[[-45.712944,-22.240782],[-45.712937,-22.239427],[-45.714393,-22.23942],[-45.714399,-22.240775],[-45.712944,-22.240782]]]}},{"type":"Feature","properties":{"celula":"C012025","bairro":"Jardim das Palmeiras","populacao":25.9,"n_ancoras":32},"geometry":{"type":"Polygon","coordinates":[[[-45.712937,-22.239427],[-45.71293,-22.238071],[-45.714386,-22.238065],[-45.714393,-22.23942],[-45.712937,-22.239427]]]}},{"type":"Feature","properties":{"celula":"C012031","bairro":"São João","populacao":15.1,"n_ancoras":41},"geometry":{"type":"Polygon","coordinates":[[[-45.712896,-22.231296],[-45.712889,-22.229941],[-45.714344,-22.229935],[-45.714351,-22.23129],[-45.712896,-22.231296]]]}},{"type":"Feature","properties":{"celula":"C012032","bairro":"São João","populacao":47.4,"n_ancoras":30},"geometry":{"type":"Polygon","coordinates":[[[-45.712889,-22.229941],[-45.712882,-22.228586],[-45.714338,-22.22858],[-45.714344,-22.229935],[-45.712889,-22.229941]]]}},{"type":"Feature","properties":{"celula":"C012033","bairro":"São João","populacao":85.7,"n_ancoras":47},"geometry":{"type":"Polygon","coordinates":[[[-45.712882,-22.228586],[-45.712875,-22.227231],[-45.714331,-22.227225],[-45.714338,-22.22858],[-45.712882,-22.228586]]]}},{"type":"Feature","properties":{"celula":"C012034","bairro":"Santa Felicidade","populacao":10.0,"n_ancoras":5},"geometry":{"type":"Polygon","coordinates":[[[-45.712875,-22.227231],[-45.712868,-22.225876],[-45.714324,-22.22587],[-45.714331,-22.227225],[-45.712875,-22.227231]]]}},{"type":"Feature","properties":{"celula":"C012035","bairro":"Área não classificada","populacao":0.0,"n_ancoras":0},"geometry":{"type":"Polygon","coordinates":[[[-45.712868,-22.225876],[-45.712862,-22.224521],[-45.714317,-22.224515],[-45.714324,-22.22587],[-45.712868,-22.225876]]]}},{"type":"Feature","properties":{"celula":"C012036","bairro":"Área não classificada","populacao":0.0,"n_ancoras":0},"geometry":{"type":"Polygon","coordinates":[[[-45.712862,-22.224521],[-45.712855,-22.223166],[-45.71431,-22.22316],[-45.714317,-22.224515],[-45.712862,-22.224521]]]}},{"type":"Feature","properties":{"celula":"C013002","bairro":"Área não classificada","populacao":0.0,"n_ancoras":0},"geometry":{"type":"Polygon","coordinates":[[[-45.711639,-22.270599],[-45.711632,-22.269244],[-45.713088,-22.269237],[-45.713095,-22.270592],[-45.711639,-22.270599]]]}},{"type":"Feature","properties":{"celula":"C013003","bairro":"São José","populacao":62.8,"n_ancoras":45},"geometry":{"type":"Polygon","coordinates":[[[-45.711632,-22.269244],[-45.711625,-22.267889],[-45.713081,-22.267882],[-45.713088,-22.269237],[-45.711632,-22.269244]]]}},{"type":"Feature","properties":{"celula":"C013004","bairro":"São José","populacao":103.2,"n_ancoras":74},"geometry":{"type":"Polygon","coordinates":[[[-45.711625,-22.267889],[-45.711618,-22.266534],[-45.713074,-22.266527],[-45.713081,-22.267882],[-45.711625,-22.267889]]]}},{"type":"Feature","properties":{"celula":"C013005","bairro":"São José","populacao":86.5,"n_ancoras":62},"geometry":{"type":"Polygon","coordinates":[[[-45.711618,-22.266534],[-45.711612,-22.265179],[-45.713067,-22.265172],[-45.713074,-22.266527],[-45.711618,-22.266534]]]}},{"type":"Feature","properties":{"celula":"C013006","bairro":"São José","populacao":20.9,"n_ancoras":15},"geometry":{"type":"Polygon","coordinates":[[[-45.711612,-22.265179],[-45.711605,-22.263824],[-45.71306,-22.263817],[-45.713067,-22.265172],[-45.711612,-22.265179]]]}},{"type":"Feature","properties":{"celula":"C013007","bairro":"Santa Rita","populacao":62.8,"n_ancoras":45},"geometry":{"type":"Polygon","coordinates":[[[-45.711605,-22.263824],[-45.711598,-22.262469],[-45.713054,-22.262462],[-45.71306,-22.263817],[-45.711605,-22.263824]]]}},{"type":"Feature","properties":{"celula":"C013008","bairro":"Santa Rita","populacao":103.2,"n_ancoras":74},"geometry":{"type":"Polygon","coordinates":[[[-45.711598,-22.262469],[-45.711591,-22.261114],[-45.713047,-22.261107],[-45.713054,-22.262462],[-45.711598,-22.262469]]]}},{"type":"Feature","properties":{"celula":"C013009","bairro":"Santa Rita","populacao":109.8,"n_ancoras":87},"geometry":{"type":"Polygon","coordinates":[[[-45.711591,-22.261114],[-45.711584,-22.259758],[-45.71304,-22.259752],[-45.713047,-22.261107],[-45.711591,-22.261114]]]}},{"type":"Feature","properties":{"celula":"C013010","bairro":"Por do Sol","populacao":45.1,"n_ancoras":46},"geometry":{"type":"Polygon","coordinates":[[[-45.711584,-22.259758],[-45.711577,-22.258403],[-45.713033,-22.258397],[-45.71304,-22.259752],[-45.711584,-22.259758]]]}},{"type":"Feature","properties":{"celula":"C013011","bairro":"Por do Sol","populacao":1.0,"n_ancoras":1},"geometry":{"type":"Polygon","coordinates":[[[-45.711577,-22.258403],[-45.71157,-22.257048],[-45.713026,-22.257042],[-45.713033,-22.258397],[-45.711577,-22.258403]]]}},{"type":"Feature","properties":{"celula":"C013012","bairro":"Por do Sol","populacao":13.7,"n_ancoras":14},"geometry":{"type":"Polygon","coordinates":[[[-45.71157,-22.257048],[-45.711564,-22.255693],[-45.713019,-22.255687],[-45.713026,-22.257042],[-45.71157,-22.257048]]]}},{"type":"Feature","properties":{"celula":"C013013","bairro":"Por do Sol","populacao":34.2,"n_ancoras":35},"geometry":{"type":"Polygon","coordinates":[[[-45.711564,-22.255693],[-45.711557,-22.254338],[-45.713012,-22.254332],[-45.713019,-22.255687],[-45.711564,-22.255693]]]}},{"type":"Feature","properties":{"celula":"C013014","bairro":"Loteamento Paulo Borsato","populacao":21.1,"n_ancoras":21},"geometry":{"type":"Polygon","coordinates":[[[-45.711557,-22.254338],[-45.71155,-22.252983],[-45.713006,-22.252977],[-45.713012,-22.254332],[-45.711557,-22.254338]]]}},{"type":"Feature","properties":{"celula":"C013015","bairro":"Loteamento Paulo Borsato","populacao":7.8,"n_ancoras":7},"geometry":{"type":"Polygon","coordinates":[[[-45.71155,-22.252983],[-45.711543,-22.251628],[-45.712999,-22.251622],[-45.713006,-22.252977],[-45.71155,-22.252983]]]}},{"type":"Feature","properties":{"celula":"C013016","bairro":"Pedreira","populacao":13.5,"n_ancoras":9},"geometry":{"type":"Polygon","coordinates":[[[-45.711543,-22.251628],[-45.711536,-22.250273],[-45.712992,-22.250267],[-45.712999,-22.251622],[-45.711543,-22.251628]]]}},{"type":"Feature","properties":{"celula":"C013017","bairro":"Pedreira","populacao":30.6,"n_ancoras":20},"geometry":{"type":"Polygon","coordinates":[[[-45.711536,-22.250273],[-45.711529,-22.248918],[-45.712985,-22.248912],[-45.712992,-22.250267],[-45.711536,-22.250273]]]}},{"type":"Feature","properties":{"celula":"C013018","bairro":"Bruno Matragrano","populacao":1.6,"n_ancoras":1},"geometry":{"type":"Polygon","coordinates":[[[-45.711529,-22.248918],[-45.711523,-22.247563],[-45.712978,-22.247557],[-45.712985,-22.248912],[-45.711529,-22.248918]]]}},{"type":"Feature","properties":{"celula":"C013019","bairro":"Bruno Matragrano","populacao":64.3,"n_ancoras":31},"geometry":{"type":"Polygon","coordinates":[[[-45.711523,-22.247563],[-45.711516,-22.246208],[-45.712971,-22.246202],[-45.712978,-22.247557],[-45.711523,-22.247563]]]}},{"type":"Feature","properties":{"celula":"C013020","bairro":"Fernandes","populacao":219.8,"n_ancoras":92},"geometry":{"type":"Polygon","coordinates":[[[-45.711516,-22.246208],[-45.711509,-22.244853],[-45.712964,-22.244847],[-45.712971,-22.246202],[-45.711516,-22.246208]]]}},{"type":"Feature","properties":{"celula":"C013021","bairro":"Fernandes","populacao":211.4,"n_ancoras":94},"geometry":{"type":"Polygon","coordinates":[[[-45.711509,-22.244853],[-45.711502,-22.243498],[-45.712958,-22.243492],[-45.712964,-22.244847],[-45.711509,-22.244853]]]}},{"type":"Feature","properties":{"celula":"C013022","bairro":"São Pedro","populacao":142.7,"n_ancoras":75},"geometry":{"type":"Polygon","coordinates":[[[-45.711502,-22.243498],[-45.711495,-22.242143],[-45.712951,-22.242137],[-45.712958,-22.243492],[-45.711502,-22.243498]]]}},{"type":"Feature","properties":{"celula":"C013023","bairro":"Jardim das Palmeiras","populacao":93.8,"n_ancoras":69},"geometry":{"type":"Polygon","coordinates":[[[-45.711495,-22.242143],[-45.711488,-22.240788],[-45.712944,-22.240782],[-45.712951,-22.242137],[-45.711495,-22.242143]]]}},{"type":"Feature","properties":{"celula":"C013024","bairro":"Jardim das Palmeiras","populacao":69.5,"n_ancoras":86},"geometry":{"type":"Polygon","coordinates":[[[-45.711488,-22.240788],[-45.711481,-22.239433],[-45.712937,-22.239427],[-45.712944,-22.240782],[-45.711488,-22.240788]]]}},{"type":"Feature","properties":{"celula":"C013025","bairro":"Jardim das Palmeiras","populacao":30.7,"n_ancoras":38},"geometry":{"type":"Polygon","coordinates":[[[-45.711481,-22.239433],[-45.711475,-22.238078],[-45.71293,-22.238071],[-45.712937,-22.239427],[-45.711481,-22.239433]]]}},{"type":"Feature","properties":{"celula":"C013030","bairro":"São João","populacao":7.4,"n_ancoras":20},"geometry":{"type":"Polygon","coordinates":[[[-45.711447,-22.232658],[-45.71144,-22.231303],[-45.712896,-22.231296],[-45.712903,-22.232651],[-45.711447,-22.232658]]]}},{"type":"Feature","properties":{"celula":"C013031","bairro":"São João","populacao":16.5,"n_ancoras":45},"geometry":{"type":"Polygon","coordinates":[[[-45.71144,-22.231303],[-45.711434,-22.229948],[-45.712889,-22.229941],[-45.712896,-22.231296],[-45.71144,-22.231303]]]}},{"type":"Feature","properties":{"celula":"C013032","bairro":"São João","populacao":40.5,"n_ancoras":31},"geometry":{"type":"Polygon","coordinates":[[[-45.711434,-22.229948],[-45.711427,-22.228593],[-45.712882,-22.228586],[-45.712889,-22.229941],[-45.711434,-22.229948]]]}},{"type":"Feature","properties":{"celula":"C013033","bairro":"São João","populacao":16.4,"n_ancoras":9},"geometry":{"type":"Polygon","coordinates":[[[-45.711427,-22.228593],[-45.71142,-22.227238],[-45.712875,-22.227231],[-45.712882,-22.228586],[-45.711427,-22.228593]]]}},{"type":"Feature","properties":{"celula":"C014001","bairro":"Área não classificada","populacao":0.0,"n_ancoras":0},"geometry":{"type":"Polygon","coordinates":[[[-45.71019,-22.27196],[-45.710183,-22.270605],[-45.711639,-22.270599],[-45.711646,-22.271954],[-45.71019,-22.27196]]]}},{"type":"Feature","properties":{"celula":"C014002","bairro":"Área não classificada","populacao":0.0,"n_ancoras":0},"geometry":{"type":"Polygon","coordinates":[[[-45.710183,-22.270605],[-45.710176,-22.26925],[-45.711632,-22.269244],[-45.711639,-22.270599],[-45.710183,-22.270605]]]}},{"type":"Feature","properties":{"celula":"C014003","bairro":"São José","populacao":11.7,"n_ancoras":10},"geometry":{"type":"Polygon","coordinates":[[[-45.710176,-22.26925],[-45.710169,-22.267895],[-45.711625,-22.267889],[-45.711632,-22.269244],[-45.710176,-22.26925]]]}},{"type":"Feature","properties":{"celula":"C014004","bairro":"São José","populacao":77.0,"n_ancoras":56},"geometry":{"type":"Polygon","coordinates":[[[-45.710169,-22.267895],[-45.710163,-22.26654],[-45.711618,-22.266534],[-45.711625,-22.267889],[-45.710169,-22.267895]]]}},{"type":"Feature","properties":{"celula":"C014005","bairro":"São José","populacao":55.8,"n_ancoras":40},"geometry":{"type":"Polygon","coordinates":[[[-45.710163,-22.26654],[-45.710156,-22.265185],[-45.711612,-22.265179],[-45.711618,-22.266534],[-45.710163,-22.26654]]]}},{"type":"Feature","properties":{"celula":"C014006","bairro":"São José","populacao":47.4,"n_ancoras":34},"geometry":{"type":"Polygon","coordinates":[[[-45.710156,-22.265185],[-45.710149,-22.26383],[-45.711605,-22.263824],[-45.711612,-22.265179],[-45.710156,-22.265185]]]}},{"type":"Feature","properties":{"celula":"C014007","bairro":"Santa Rita","populacao":26.5,"n_ancoras":19},"geometry":{"type":"Polygon","coordinates":[[[-45.710149,-22.26383],[-45.710142,-22.262475],[-45.711598,-22.262469],[-45.711605,-22.263824],[-45.710149,-22.26383]]]}},{"type":"Feature","properties":{"celula":"C014008","bairro":"Santa Rita","populacao":16.7,"n_ancoras":12},"geometry":{"type":"Polygon","coordinates":[[[-45.710142,-22.262475],[-45.710135,-22.26112],[-45.711591,-22.261114],[-45.711598,-22.262469],[-45.710142,-22.262475]]]}},{"type":"Feature","properties":{"celula":"C014009","bairro":"Santa Rita","populacao":25.5,"n_ancoras":22},"geometry":{"type":"Polygon","coordinates":[[[-45.710135,-22.26112],[-45.710128,-22.259765],[-45.711584,-22.259758],[-45.711591,-22.261114],[-45.710135,-22.26112]]]}},{"type":"Feature","properties":{"celula":"C014010","bairro":"Por do Sol","populacao":34.8,"n_ancoras":35},"geometry":{"type":"Polygon","coordinates":[[[-45.710128,-22.259765],[-45.710122,-22.25841],[-45.711577,-22.258403],[-45.711584,-22.259758],[-45.710128,-22.259765]]]}},{"type":"Feature","properties":{"celula":"C014011","bairro":"Por do Sol","populacao":72.9,"n_ancoras":74},"geometry":{"type":"Polygon","coordinates":[[[-45.710122,-22.25841],[-45.710115,-22.257055],[-45.71157,-22.257048],[-45.711577,-22.258403],[-45.710122,-22.25841]]]}},{"type":"Feature","properties":{"celula":"C014012","bairro":"Por do Sol","populacao":76.7,"n_ancoras":78},"geometry":{"type":"Polygon","coordinates":[[[-45.710115,-22.257055],[-45.710108,-22.2557],[-45.711564,-22.255693],[-45.71157,-22.257048],[-45.710115,-22.257055]]]}},{"type":"Feature","properties":{"celula":"C014013","bairro":"Família Andrade","populacao":64.4,"n_ancoras":65},"geometry":{"type":"Polygon","coordinates":[[[-45.710108,-22.2557],[-45.710101,-22.254345],[-45.711557,-22.254338],[-45.711564,-22.255693],[-45.710108,-22.2557]]]}},{"type":"Feature","properties":{"celula":"C014014","bairro":"Loteamento Paulo Borsato","populacao":55.9,"n_ancoras":56},"geometry":{"type":"Polygon","coordinates":[[[-45.710101,-22.254345],[-45.710094,-22.25299],[-45.71155,-22.252983],[-45.711557,-22.254338],[-45.710101,-22.254345]]]}},{"type":"Feature","properties":{"celula":"C014015","bairro":"Loteamento Paulo Borsato","populacao":56.5,"n_ancoras":55},"geometry":{"type":"Polygon","coordinates":[[[-45.710094,-22.25299],[-45.710087,-22.251635],[-45.711543,-22.251628],[-45.71155,-22.252983],[-45.710094,-22.25299]]]}},{"type":"Feature","properties":{"celula":"C014016","bairro":"Pedreira","populacao":79.5,"n_ancoras":54},"geometry":{"type":"Polygon","coordinates":[[[-45.710087,-22.251635],[-45.710081,-22.25028],[-45.711536,-22.250273],[-45.711543,-22.251628],[-45.710087,-22.251635]]]}},{"type":"Feature","properties":{"celula":"C014017","bairro":"Pedreira","populacao":74.9,"n_ancoras":49},"geometry":{"type":"Polygon","coordinates":[[[-45.710081,-22.25028],[-45.710074,-22.248925],[-45.711529,-22.248918],[-45.711536,-22.250273],[-45.710081,-22.25028]]]}},{"type":"Feature","properties":{"celula":"C014018","bairro":"Pedreira","populacao":38.2,"n_ancoras":25},"geometry":{"type":"Polygon","coordinates":[[[-45.710074,-22.248925],[-45.710067,-22.24757],[-45.711523,-22.247563],[-45.711529,-22.248918],[-45.710074,-22.248925]]]}},{"type":"Feature","properties":{"celula":"C014019","bairro":"Bruno Matragrano","populacao":133.8,"n_ancoras":65},"geometry":{"type":"Polygon","coordinates":[[[-45.710067,-22.24757],[-45.71006,-22.246214],[-45.711516,-22.246208],[-45.711523,-22.247563],[-45.710067,-22.24757]]]}},{"type":"Feature","properties":{"celula":"C014020","bairro":"Bruno Matragrano","populacao":167.3,"n_ancoras":91},"geometry":{"type":"Polygon","coordinates":[[[-45.71006,-22.246214],[-45.710053,-22.244859],[-45.711509,-22.244853],[-45.711516,-22.246208],[-45.71006,-22.246214]]]}},{"type":"Feature","properties":{"celula":"C014021","bairro":"Regina Maria","populacao":160.3,"n_ancoras":93},"geometry":{"type":"Polygon","coordinates":[[[-45.710053,-22.244859],[-45.710046,-22.243504],[-45.711502,-22.243498],[-45.711509,-22.244853],[-45.710053,-22.244859]]]}},{"type":"Feature","properties":{"celula":"C014022","bairro":"Regina Maria","populacao":183.1,"n_ancoras":92},"geometry":{"type":"Polygon","coordinates":[[[-45.710046,-22.243504],[-45.71004,-22.242149],[-45.711495,-22.242143],[-45.711502,-22.243498],[-45.710046,-22.243504]]]}},{"type":"Feature","properties":{"celula":"C014023","bairro":"São Pedro","populacao":75.1,"n_ancoras":46},"geometry":{"type":"Polygon","coordinates":[[[-45.71004,-22.242149],[-45.710033,-22.240794],[-45.711488,-22.240788],[-45.711495,-22.242143],[-45.71004,-22.242149]]]}},{"type":"Feature","properties":{"celula":"C014024","bairro":"Jardim das Palmeiras","populacao":120.3,"n_ancoras":108},"geometry":{"type":"Polygon","coordinates":[[[-45.710033,-22.240794],[-45.710026,-22.239439],[-45.711481,-22.239433],[-45.711488,-22.240788],[-45.710033,-22.240794]]]}},{"type":"Feature","properties":{"celula":"C014025","bairro":"Boa Vista 2","populacao":57.4,"n_ancoras":71},"geometry":{"type":"Polygon","coordinates":[[[-45.710026,-22.239439],[-45.710019,-22.238084],[-45.711475,-22.238078],[-45.711481,-22.239433],[-45.710026,-22.239439]]]}},{"type":"Feature","properties":{"celula":"C014026","bairro":"Área não classificada","populacao":0.0,"n_ancoras":0},"geometry":{"type":"Polygon","coordinates":[[[-45.710019,-22.238084],[-45.710012,-22.236729],[-45.711468,-22.236723],[-45.711475,-22.238078],[-45.710019,-22.238084]]]}},{"type":"Feature","properties":{"celula":"C014027","bairro":"Área não classificada","populacao":0.0,"n_ancoras":0},"geometry":{"type":"Polygon","coordinates":[[[-45.710012,-22.236729],[-45.710005,-22.235374],[-45.711461,-22.235368],[-45.711468,-22.236723],[-45.710012,-22.236729]]]}},{"type":"Feature","properties":{"celula":"C014028","bairro":"Área não classificada","populacao":0.0,"n_ancoras":0},"geometry":{"type":"Polygon","coordinates":[[[-45.710005,-22.235374],[-45.709999,-22.234019],[-45.711454,-22.234013],[-45.711461,-22.235368],[-45.710005,-22.235374]]]}},{"type":"Feature","properties":{"celula":"C014029","bairro":"São João","populacao":11.0,"n_ancoras":18},"geometry":{"type":"Polygon","coordinates":[[[-45.709999,-22.234019],[-45.709992,-22.232664],[-45.711447,-22.232658],[-45.711454,-22.234013],[-45.709999,-22.234019]]]}},{"type":"Feature","properties":{"celula":"C014030","bairro":"São João","populacao":4.4,"n_ancoras":12},"geometry":{"type":"Polygon","coordinates":[[[-45.709992,-22.232664],[-45.709985,-22.231309],[-45.71144,-22.231303],[-45.711447,-22.232658],[-45.709992,-22.232664]]]}},{"type":"Feature","properties":{"celula":"C014031","bairro":"Área não classificada","populacao":0.0,"n_ancoras":0},"geometry":{"type":"Polygon","coordinates":[[[-45.709985,-22.231309],[-45.709978,-22.229954],[-45.711434,-22.229948],[-45.71144,-22.231303],[-45.709985,-22.231309]]]}},{"type":"Feature","properties":{"celula":"C014032","bairro":"Área não classificada","populacao":0.0,"n_ancoras":0},"geometry":{"type":"Polygon","coordinates":[[[-45.709978,-22.229954],[-45.709971,-22.228599],[-45.711427,-22.228593],[-45.711434,-22.229948],[-45.709978,-22.229954]]]}},{"type":"Feature","properties":{"celula":"C015001","bairro":"Área não classificada","populacao":0.3,"n_ancoras":1},"geometry":{"type":"Polygon","coordinates":[[[-45.708734,-22.271967],[-45.708727,-22.270612],[-45.710183,-22.270605],[-45.71019,-22.27196],[-45.708734,-22.271967]]]}},{"type":"Feature","properties":{"celula":"C015002","bairro":"São José","populacao":4.0,"n_ancoras":15},"geometry":{"type":"Polygon","coordinates":[[[-45.708727,-22.270612],[-45.70872,-22.269256],[-45.710176,-22.26925],[-45.710183,-22.270605],[-45.708727,-22.270612]]]}},{"type":"Feature","properties":{"celula":"C015003","bairro":"São José","populacao":1.1,"n_ancoras":4},"geometry":{"type":"Polygon","coordinates":[[[-45.70872,-22.269256],[-45.708714,-22.267901],[-45.710169,-22.267895],[-45.710176,-22.26925],[-45.70872,-22.269256]]]}},{"type":"Feature","properties":{"celula":"C015004","bairro":"São José","populacao":2.8,"n_ancoras":2},"geometry":{"type":"Polygon","coordinates":[[[-45.708714,-22.267901],[-45.708707,-22.266546],[-45.710163,-22.26654],[-45.710169,-22.267895],[-45.708714,-22.267901]]]}},{"type":"Feature","properties":{"celula":"C015005","bairro":"São José","populacao":50.2,"n_ancoras":36},"geometry":{"type":"Polygon","coordinates":[[[-45.708707,-22.266546],[-45.7087,-22.265191],[-45.710156,-22.265185],[-45.710163,-22.26654],[-45.708707,-22.266546]]]}},{"type":"Feature","properties":{"celula":"C015006","bairro":"São José","populacao":18.1,"n_ancoras":13},"geometry":{"type":"Polygon","coordinates":[[[-45.7087,-22.265191],[-45.708693,-22.263836],[-45.710149,-22.26383],[-45.710156,-22.265185],[-45.7087,-22.265191]]]}},{"type":"Feature","properties":{"celula":"C015007","bairro":"Área não classificada","populacao":0.0,"n_ancoras":0},"geometry":{"type":"Polygon","coordinates":[[[-45.708693,-22.263836],[-45.708686,-22.262481],[-45.710142,-22.262475],[-45.710149,-22.26383],[-45.708693,-22.263836]]]}},{"type":"Feature","properties":{"celula":"C015008","bairro":"Área não classificada","populacao":0.0,"n_ancoras":0},"geometry":{"type":"Polygon","coordinates":[[[-45.708686,-22.262481],[-45.708679,-22.261126],[-45.710135,-22.26112],[-45.710142,-22.262475],[-45.708686,-22.262481]]]}},{"type":"Feature","properties":{"celula":"C015009","bairro":"Área não classificada","populacao":0.0,"n_ancoras":0},"geometry":{"type":"Polygon","coordinates":[[[-45.708679,-22.261126],[-45.708673,-22.259771],[-45.710128,-22.259765],[-45.710135,-22.26112],[-45.708679,-22.261126]]]}},{"type":"Feature","properties":{"celula":"C015010","bairro":"Área não classificada","populacao":0.0,"n_ancoras":0},"geometry":{"type":"Polygon","coordinates":[[[-45.708673,-22.259771],[-45.708666,-22.258416],[-45.710122,-22.25841],[-45.710128,-22.259765],[-45.708673,-22.259771]]]}},{"type":"Feature","properties":{"celula":"C015011","bairro":"Por do Sol","populacao":23.9,"n_ancoras":24},"geometry":{"type":"Polygon","coordinates":[[[-45.708666,-22.258416],[-45.708659,-22.257061],[-45.710115,-22.257055],[-45.710122,-22.25841],[-45.708666,-22.258416]]]}},{"type":"Feature","properties":{"celula":"C015012","bairro":"Família Andrade","populacao":75.8,"n_ancoras":76},"geometry":{"type":"Polygon","coordinates":[[[-45.708659,-22.257061],[-45.708652,-22.255706],[-45.710108,-22.2557],[-45.710115,-22.257055],[-45.708659,-22.257061]]]}},{"type":"Feature","properties":{"celula":"C015013","bairro":"Família Andrade","populacao":214.9,"n_ancoras":69},"geometry":{"type":"Polygon","coordinates":[[[-45.708652,-22.255706],[-45.708645,-22.254351],[-45.710101,-22.254345],[-45.710108,-22.2557],[-45.708652,-22.255706]]]}},{"type":"Feature","properties":{"celula":"C015014","bairro":"Família Andrade","populacao":55.9,"n_ancoras":56},"geometry":{"type":"Polygon","coordinates":[[[-45.708645,-22.254351],[-45.708639,-22.252996],[-45.710094,-22.25299],[-45.710101,-22.254345],[-45.708645,-22.254351]]]}},{"type":"Feature","properties":{"celula":"C015015","bairro":"Loteamento Paulo Borsato","populacao":60.8,"n_ancoras":56},"geometry":{"type":"Polygon","coordinates":[[[-45.708639,-22.252996],[-45.708632,-22.251641],[-45.710087,-22.251635],[-45.710094,-22.25299],[-45.708639,-22.252996]]]}},{"type":"Feature","properties":{"celula":"C015016","bairro":"Loteamento Paulo Borsato","populacao":79.1,"n_ancoras":54},"geometry":{"type":"Polygon","coordinates":[[[-45.708632,-22.251641],[-45.708625,-22.250286],[-45.710081,-22.25028],[-45.710087,-22.251635],[-45.708632,-22.251641]]]}},{"type":"Feature","properties":{"celula":"C015017","bairro":"Loteamento Paulo Borsato","populacao":41.3,"n_ancoras":27},"geometry":{"type":"Polygon","coordinates":[[[-45.708625,-22.250286],[-45.708618,-22.248931],[-45.710074,-22.248925],[-45.710081,-22.25028],[-45.708625,-22.250286]]]}},{"type":"Feature","properties":{"celula":"C015018","bairro":"Tonico Vicente","populacao":62.7,"n_ancoras":41},"geometry":{"type":"Polygon","coordinates":[[[-45.708618,-22.248931],[-45.708611,-22.247576],[-45.710067,-22.24757],[-45.710074,-22.248925],[-45.708618,-22.248931]]]}},{"type":"Feature","properties":{"celula":"C015019","bairro":"Tonico Vicente","populacao":122.9,"n_ancoras":76},"geometry":{"type":"Polygon","coordinates":[[[-45.708611,-22.247576],[-45.708604,-22.246221],[-45.71006,-22.246214],[-45.710067,-22.24757],[-45.708611,-22.247576]]]}},{"type":"Feature","properties":{"celula":"C015020","bairro":"Tonico Vicente","populacao":126.9,"n_ancoras":85},"geometry":{"type":"Polygon","coordinates":[[[-45.708604,-22.246221],[-45.708598,-22.244866],[-45.710053,-22.244859],[-45.71006,-22.246214],[-45.708604,-22.246221]]]}},{"type":"Feature","properties":{"celula":"C015021","bairro":"Ozório Machado","populacao":162.4,"n_ancoras":108},"geometry":{"type":"Polygon","coordinates":[[[-45.708598,-22.244866],[-45.708591,-22.243511],[-45.710046,-22.243504],[-45.710053,-22.244859],[-45.708598,-22.244866]]]}},{"type":"Feature","properties":{"celula":"C015022","bairro":"Regina Maria","populacao":192.4,"n_ancoras":96},"geometry":{"type":"Polygon","coordinates":[[[-45.708591,-22.243511],[-45.708584,-22.242156],[-45.71004,-22.242149],[-45.710046,-22.243504],[-45.708591,-22.243511]]]}},{"type":"Feature","properties":{"celula":"C015023","bairro":"Regina Maria","populacao":218.4,"n_ancoras":112},"geometry":{"type":"Polygon","coordinates":[[[-45.708584,-22.242156],[-45.708577,-22.240801],[-45.710033,-22.240794],[-45.71004,-22.242149],[-45.708584,-22.242156]]]}},{"type":"Feature","properties":{"celula":"C015024","bairro":"Boa Vista 2","populacao":177.4,"n_ancoras":91},"geometry":{"type":"Polygon","coordinates":[[[-45.708577,-22.240801],[-45.70857,-22.239446],[-45.710026,-22.239439],[-45.710033,-22.240794],[-45.708577,-22.240801]]]}},{"type":"Feature","properties":{"celula":"C015025","bairro":"Boa Vista 2","populacao":95.6,"n_ancoras":85},"geometry":{"type":"Polygon","coordinates":[[[-45.70857,-22.239446],[-45.708564,-22.238091],[-45.710019,-22.238084],[-45.710026,-22.239439],[-45.70857,-22.239446]]]}},{"type":"Feature","properties":{"celula":"C015026","bairro":"Boa Vista 2","populacao":41.2,"n_ancoras":49},"geometry":{"type":"Polygon","coordinates":[[[-45.708564,-22.238091],[-45.708557,-22.236736],[-45.710012,-22.236729],[-45.710019,-22.238084],[-45.708564,-22.238091]]]}},{"type":"Feature","properties":{"celula":"C015027","bairro":"Boa Vista 2","populacao":25.1,"n_ancoras":31},"geometry":{"type":"Polygon","coordinates":[[[-45.708557,-22.236736],[-45.70855,-22.23538],[-45.710005,-22.235374],[-45.710012,-22.236729],[-45.708557,-22.236736]]]}},{"type":"Feature","properties":{"celula":"C015028","bairro":"Arco-Íris","populacao":65.6,"n_ancoras":59},"geometry":{"type":"Polygon","coordinates":[[[-45.70855,-22.23538],[-45.708543,-22.234025],[-45.709999,-22.234019],[-45.710005,-22.235374],[-45.70855,-22.23538]]]}},{"type":"Feature","properties":{"celula":"C015029","bairro":"Arco-Íris","populacao":40.9,"n_ancoras":45},"geometry":{"type":"Polygon","coordinates":[[[-45.708543,-22.234025],[-45.708536,-22.23267],[-45.709992,-22.232664],[-45.709999,-22.234019],[-45.708543,-22.234025]]]}},{"type":"Feature","properties":{"celula":"C015030","bairro":"Área não classificada","populacao":0.0,"n_ancoras":0},"geometry":{"type":"Polygon","coordinates":[[[-45.708536,-22.23267],[-45.70853,-22.231315],[-45.709985,-22.231309],[-45.709992,-22.232664],[-45.708536,-22.23267]]]}},{"type":"Feature","properties":{"celula":"C015031","bairro":"Área não classificada","populacao":0.0,"n_ancoras":0},"geometry":{"type":"Polygon","coordinates":[[[-45.70853,-22.231315],[-45.708523,-22.22996],[-45.709978,-22.229954],[-45.709985,-22.231309],[-45.70853,-22.231315]]]}},{"type":"Feature","properties":{"celula":"C016000","bairro":"Área não classificada","populacao":0.0,"n_ancoras":0},"geometry":{"type":"Polygon","coordinates":[[[-45.707285,-22.273328],[-45.707278,-22.271973],[-45.708734,-22.271967],[-45.708741,-22.273322],[-45.707285,-22.273328]]]}},{"type":"Feature","properties":{"celula":"C016001","bairro":"Área não classificada","populacao":4.0,"n_ancoras":15},"geometry":{"type":"Polygon","coordinates":[[[-45.707278,-22.271973],[-45.707271,-22.270618],[-45.708727,-22.270612],[-45.708734,-22.271967],[-45.707278,-22.271973]]]}},{"type":"Feature","properties":{"celula":"C016002","bairro":"São José","populacao":8.6,"n_ancoras":32},"geometry":{"type":"Polygon","coordinates":[[[-45.707271,-22.270618],[-45.707265,-22.269263],[-45.70872,-22.269256],[-45.708727,-22.270612],[-45.707271,-22.270618]]]}},{"type":"Feature","properties":{"celula":"C016003","bairro":"São José","populacao":4.0,"n_ancoras":15},"geometry":{"type":"Polygon","coordinates":[[[-45.707265,-22.269263],[-45.707258,-22.267908],[-45.708714,-22.267901],[-45.70872,-22.269256],[-45.707265,-22.269263]]]}},{"type":"Feature","properties":{"celula":"C016004","bairro":"São José","populacao":20.9,"n_ancoras":15},"geometry":{"type":"Polygon","coordinates":[[[-45.707258,-22.267908],[-45.707251,-22.266553],[-45.708707,-22.266546],[-45.708714,-22.267901],[-45.707258,-22.267908]]]}},{"type":"Feature","properties":{"celula":"C016005","bairro":"São José","populacao":5.6,"n_ancoras":4},"geometry":{"type":"Polygon","coordinates":[[[-45.707251,-22.266553],[-45.707244,-22.265198],[-45.7087,-22.265191],[-45.708707,-22.266546],[-45.707251,-22.266553]]]}},{"type":"Feature","properties":{"celula":"C016006","bairro":"Área não classificada","populacao":0.0,"n_ancoras":0},"geometry":{"type":"Polygon","coordinates":[[[-45.707244,-22.265198],[-45.707237,-22.263843],[-45.708693,-22.263836],[-45.7087,-22.265191],[-45.707244,-22.265198]]]}},{"type":"Feature","properties":{"celula":"C016007","bairro":"Área não classificada","populacao":0.0,"n_ancoras":0},"geometry":{"type":"Polygon","coordinates":[[[-45.707237,-22.263843],[-45.707231,-22.262488],[-45.708686,-22.262481],[-45.708693,-22.263836],[-45.707237,-22.263843]]]}},{"type":"Feature","properties":{"celula":"C016008","bairro":"Área não classificada","populacao":0.0,"n_ancoras":0},"geometry":{"type":"Polygon","coordinates":[[[-45.707231,-22.262488],[-45.707224,-22.261133],[-45.708679,-22.261126],[-45.708686,-22.262481],[-45.707231,-22.262488]]]}},{"type":"Feature","properties":{"celula":"C016009","bairro":"Área não classificada","populacao":0.0,"n_ancoras":0},"geometry":{"type":"Polygon","coordinates":[[[-45.707224,-22.261133],[-45.707217,-22.259778],[-45.708673,-22.259771],[-45.708679,-22.261126],[-45.707224,-22.261133]]]}},{"type":"Feature","properties":{"celula":"C016010","bairro":"Área não classificada","populacao":0.0,"n_ancoras":0},"geometry":{"type":"Polygon","coordinates":[[[-45.707217,-22.259778],[-45.70721,-22.258423],[-45.708666,-22.258416],[-45.708673,-22.259771],[-45.707217,-22.259778]]]}},{"type":"Feature","properties":{"celula":"C016011","bairro":"Família Andrade","populacao":15.4,"n_ancoras":16},"geometry":{"type":"Polygon","coordinates":[[[-45.70721,-22.258423],[-45.707203,-22.257067],[-45.708659,-22.257061],[-45.708666,-22.258416],[-45.70721,-22.258423]]]}},{"type":"Feature","properties":{"celula":"C016012","bairro":"Família Andrade","populacao":67.8,"n_ancoras":68},"geometry":{"type":"Polygon","coordinates":[[[-45.707203,-22.257067],[-45.707196,-22.255712],[-45.708652,-22.255706],[-45.708659,-22.257061],[-45.707203,-22.257067]]]}},{"type":"Feature","properties":{"celula":"C016013","bairro":"Família Andrade","populacao":80.8,"n_ancoras":81},"geometry":{"type":"Polygon","coordinates":[[[-45.707196,-22.255712],[-45.70719,-22.254357],[-45.708645,-22.254351],[-45.708652,-22.255706],[-45.707196,-22.255712]]]}},{"type":"Feature","properties":{"celula":"C016014","bairro":"Família Andrade","populacao":53.9,"n_ancoras":54},"geometry":{"type":"Polygon","coordinates":[[[-45.70719,-22.254357],[-45.707183,-22.253002],[-45.708639,-22.252996],[-45.708645,-22.254351],[-45.70719,-22.254357]]]}},{"type":"Feature","properties":{"celula":"C016015","bairro":"Loteamento Paulo Borsato","populacao":29.9,"n_ancoras":23},"geometry":{"type":"Polygon","coordinates":[[[-45.707183,-22.253002],[-45.707176,-22.251647],[-45.708632,-22.251641],[-45.708639,-22.252996],[-45.707183,-22.253002]]]}},{"type":"Feature","properties":{"celula":"C016016","bairro":"Loteamento Paulo Borsato","populacao":74.7,"n_ancoras":51},"geometry":{"type":"Polygon","coordinates":[[[-45.707176,-22.251647],[-45.707169,-22.250292],[-45.708625,-22.250286],[-45.708632,-22.251641],[-45.707176,-22.251647]]]}},{"type":"Feature","properties":{"celula":"C016017","bairro":"Casa de Vítor","populacao":106.5,"n_ancoras":66},"geometry":{"type":"Polygon","coordinates":[[[-45.707169,-22.250292],[-45.707162,-22.248937],[-45.708618,-22.248931],[-45.708625,-22.250286],[-45.707169,-22.250292]]]}},{"type":"Feature","properties":{"celula":"C016018","bairro":"Casa de Vítor","populacao":127.8,"n_ancoras":79},"geometry":{"type":"Polygon","coordinates":[[[-45.707162,-22.248937],[-45.707156,-22.247582],[-45.708611,-22.247576],[-45.708618,-22.248931],[-45.707162,-22.248937]]]}},{"type":"Feature","properties":{"celula":"C016019","bairro":"Tonico Vicente","populacao":172.0,"n_ancoras":85},"geometry":{"type":"Polygon","coordinates":[[[-45.707156,-22.247582],[-45.707149,-22.246227],[-45.708604,-22.246221],[-45.708611,-22.247576],[-45.707156,-22.247582]]]}},{"type":"Feature","properties":{"celula":"C016020","bairro":"Antônio Gonçalves Teixeira","populacao":168.0,"n_ancoras":82},"geometry":{"type":"Polygon","coordinates":[[[-45.707149,-22.246227],[-45.707142,-22.244872],[-45.708598,-22.244866],[-45.708604,-22.246221],[-45.707149,-22.246227]]]}},{"type":"Feature","properties":{"celula":"C016021","bairro":"Ozório Machado","populacao":201.2,"n_ancoras":104},"geometry":{"type":"Polygon","coordinates":[[[-45.707142,-22.244872],[-45.707135,-22.243517],[-45.708591,-22.243511],[-45.708598,-22.244866],[-45.707142,-22.244872]]]}},{"type":"Feature","properties":{"celula":"C016022","bairro":"Ozório Machado","populacao":227.7,"n_ancoras":114},"geometry":{"type":"Polygon","coordinates":[[[-45.707135,-22.243517],[-45.707128,-22.242162],[-45.708584,-22.242156],[-45.708591,-22.243511],[-45.707135,-22.243517]]]}},{"type":"Feature","properties":{"celula":"C016023","bairro":"Boa Vista","populacao":286.0,"n_ancoras":128},"geometry":{"type":"Polygon","coordinates":[[[-45.707128,-22.242162],[-45.707122,-22.240807],[-45.708577,-22.240801],[-45.708584,-22.242156],[-45.707128,-22.242162]]]}},{"type":"Feature","properties":{"celula":"C016024","bairro":"Boa Vista","populacao":245.5,"n_ancoras":79},"geometry":{"type":"Polygon","coordinates":[[[-45.707122,-22.240807],[-45.707115,-22.239452],[-45.70857,-22.239446],[-45.708577,-22.240801],[-45.707122,-22.240807]]]}},{"type":"Feature","properties":{"celula":"C016025","bairro":"Boa Vista 2","populacao":148.5,"n_ancoras":67},"geometry":{"type":"Polygon","coordinates":[[[-45.707115,-22.239452],[-45.707108,-22.238097],[-45.708564,-22.238091],[-45.70857,-22.239446],[-45.707115,-22.239452]]]}},{"type":"Feature","properties":{"celula":"C016026","bairro":"Boa Vista 2","populacao":123.2,"n_ancoras":68},"geometry":{"type":"Polygon","coordinates":[[[-45.707108,-22.238097],[-45.707101,-22.236742],[-45.708557,-22.236736],[-45.708564,-22.238091],[-45.707108,-22.238097]]]}},{"type":"Feature","properties":{"celula":"C016027","bairro":"Arco-Íris","populacao":78.0,"n_ancoras":88},"geometry":{"type":"Polygon","coordinates":[[[-45.707101,-22.236742],[-45.707094,-22.235387],[-45.70855,-22.23538],[-45.708557,-22.236736],[-45.707101,-22.236742]]]}},{"type":"Feature","properties":{"celula":"C016028","bairro":"Arco-Íris","populacao":108.5,"n_ancoras":95},"geometry":{"type":"Polygon","coordinates":[[[-45.707094,-22.235387],[-45.707088,-22.234032],[-45.708543,-22.234025],[-45.70855,-22.23538],[-45.707094,-22.235387]]]}},{"type":"Feature","properties":{"celula":"C016029","bairro":"Arco-Íris","populacao":27.7,"n_ancoras":66},"geometry":{"type":"Polygon","coordinates":[[[-45.707088,-22.234032],[-45.707081,-22.232677],[-45.708536,-22.23267],[-45.708543,-22.234025],[-45.707088,-22.234032]]]}},{"type":"Feature","properties":{"celula":"C016030","bairro":"Arco-Íris","populacao":7.4,"n_ancoras":20},"geometry":{"type":"Polygon","coordinates":[[[-45.707081,-22.232677],[-45.707074,-22.231322],[-45.70853,-22.231315],[-45.708536,-22.23267],[-45.707081,-22.232677]]]}},{"type":"Feature","properties":{"celula":"C016031","bairro":"Área não classificada","populacao":0.0,"n_ancoras":0},"geometry":{"type":"Polygon","coordinates":[[[-45.707074,-22.231322],[-45.707067,-22.229967],[-45.708523,-22.22996],[-45.70853,-22.231315],[-45.707074,-22.231322]]]}},{"type":"Feature","properties":{"celula":"C017000","bairro":"Área não classificada","populacao":0.3,"n_ancoras":1},"geometry":{"type":"Polygon","coordinates":[[[-45.705829,-22.273334],[-45.705822,-22.271979],[-45.707278,-22.271973],[-45.707285,-22.273328],[-45.705829,-22.273334]]]}},{"type":"Feature","properties":{"celula":"C017001","bairro":"Área não classificada","populacao":6.4,"n_ancoras":24},"geometry":{"type":"Polygon","coordinates":[[[-45.705822,-22.271979],[-45.705816,-22.270624],[-45.707271,-22.270618],[-45.707278,-22.271973],[-45.705822,-22.271979]]]}},{"type":"Feature","properties":{"celula":"C017002","bairro":"Área não classificada","populacao":5.6,"n_ancoras":21},"geometry":{"type":"Polygon","coordinates":[[[-45.705816,-22.270624],[-45.705809,-22.269269],[-45.707265,-22.269263],[-45.707271,-22.270618],[-45.705816,-22.270624]]]}},{"type":"Feature","properties":{"celula":"C017003","bairro":"Área não classificada","populacao":0.5,"n_ancoras":2},"geometry":{"type":"Polygon","coordinates":[[[-45.705809,-22.269269],[-45.705802,-22.267914],[-45.707258,-22.267908],[-45.707265,-22.269263],[-45.705809,-22.269269]]]}},{"type":"Feature","properties":{"celula":"C017004","bairro":"Área não classificada","populacao":0.0,"n_ancoras":0},"geometry":{"type":"Polygon","coordinates":[[[-45.705802,-22.267914],[-45.705795,-22.266559],[-45.707251,-22.266553],[-45.707258,-22.267908],[-45.705802,-22.267914]]]}},{"type":"Feature","properties":{"celula":"C017005","bairro":"Área não classificada","populacao":0.0,"n_ancoras":0},"geometry":{"type":"Polygon","coordinates":[[[-45.705795,-22.266559],[-45.705788,-22.265204],[-45.707244,-22.265198],[-45.707251,-22.266553],[-45.705795,-22.266559]]]}},{"type":"Feature","properties":{"celula":"C017006","bairro":"Área não classificada","populacao":0.0,"n_ancoras":0},"geometry":{"type":"Polygon","coordinates":[[[-45.705788,-22.265204],[-45.705782,-22.263849],[-45.707237,-22.263843],[-45.707244,-22.265198],[-45.705788,-22.265204]]]}},{"type":"Feature","properties":{"celula":"C017007","bairro":"Área não classificada","populacao":0.0,"n_ancoras":0},"geometry":{"type":"Polygon","coordinates":[[[-45.705782,-22.263849],[-45.705775,-22.262494],[-45.707231,-22.262488],[-45.707237,-22.263843],[-45.705782,-22.263849]]]}},{"type":"Feature","properties":{"celula":"C017008","bairro":"Área não classificada","populacao":0.0,"n_ancoras":0},"geometry":{"type":"Polygon","coordinates":[[[-45.705775,-22.262494],[-45.705768,-22.261139],[-45.707224,-22.261133],[-45.707231,-22.262488],[-45.705775,-22.262494]]]}},{"type":"Feature","properties":{"celula":"C017009","bairro":"Área não classificada","populacao":0.0,"n_ancoras":0},"geometry":{"type":"Polygon","coordinates":[[[-45.705768,-22.261139],[-45.705761,-22.259784],[-45.707217,-22.259778],[-45.707224,-22.261133],[-45.705768,-22.261139]]]}},{"type":"Feature","properties":{"celula":"C017010","bairro":"Área não classificada","populacao":0.0,"n_ancoras":0},"geometry":{"type":"Polygon","coordinates":[[[-45.705761,-22.259784],[-45.705754,-22.258429],[-45.70721,-22.258423],[-45.707217,-22.259778],[-45.705761,-22.259784]]]}},{"type":"Feature","properties":{"celula":"C017011","bairro":"Área não classificada","populacao":0.0,"n_ancoras":0},"geometry":{"type":"Polygon","coordinates":[[[-45.705754,-22.258429],[-45.705748,-22.257074],[-45.707203,-22.257067],[-45.70721,-22.258423],[-45.705754,-22.258429]]]}},{"type":"Feature","properties":{"celula":"C017012","bairro":"Família Andrade","populacao":7.0,"n_ancoras":7},"geometry":{"type":"Polygon","coordinates":[[[-45.705748,-22.257074],[-45.705741,-22.255719],[-45.707196,-22.255712],[-45.707203,-22.257067],[-45.705748,-22.257074]]]}},{"type":"Feature","properties":{"celula":"C017013","bairro":"Família Andrade","populacao":7.0,"n_ancoras":7},"geometry":{"type":"Polygon","coordinates":[[[-45.705741,-22.255719],[-45.705734,-22.254364],[-45.70719,-22.254357],[-45.707196,-22.255712],[-45.705741,-22.255719]]]}},{"type":"Feature","properties":{"celula":"C017014","bairro":"Família Andrade","populacao":48.0,"n_ancoras":48},"geometry":{"type":"Polygon","coordinates":[[[-45.705734,-22.254364],[-45.705727,-22.253009],[-45.707183,-22.253002],[-45.70719,-22.254357],[-45.705734,-22.254364]]]}},{"type":"Feature","properties":{"celula":"C017015","bairro":"Centro","populacao":80.5,"n_ancoras":57},"geometry":{"type":"Polygon","coordinates":[[[-45.705727,-22.253009],[-45.70572,-22.251654],[-45.707176,-22.251647],[-45.707183,-22.253002],[-45.705727,-22.253009]]]}},{"type":"Feature","properties":{"celula":"C017016","bairro":"Centro","populacao":83.3,"n_ancoras":53},"geometry":{"type":"Polygon","coordinates":[[[-45.70572,-22.251654],[-45.705714,-22.250299],[-45.707169,-22.250292],[-45.707176,-22.251647],[-45.70572,-22.251654]]]}},{"type":"Feature","properties":{"celula":"C017017","bairro":"Casa de Vítor","populacao":112.5,"n_ancoras":68},"geometry":{"type":"Polygon","coordinates":[[[-45.705714,-22.250299],[-45.705707,-22.248944],[-45.707162,-22.248937],[-45.707169,-22.250292],[-45.705714,-22.250299]]]}},{"type":"Feature","properties":{"celula":"C017018","bairro":"Casa de Vítor","populacao":97.7,"n_ancoras":58},"geometry":{"type":"Polygon","coordinates":[[[-45.705707,-22.248944],[-45.7057,-22.247589],[-45.707156,-22.247582],[-45.707162,-22.248937],[-45.705707,-22.248944]]]}},{"type":"Feature","properties":{"celula":"C017019","bairro":"Maristela","populacao":176.7,"n_ancoras":88},"geometry":{"type":"Polygon","coordinates":[[[-45.7057,-22.247589],[-45.705693,-22.246233],[-45.707149,-22.246227],[-45.707156,-22.247582],[-45.7057,-22.247589]]]}},{"type":"Feature","properties":{"celula":"C017020","bairro":"Maristela","populacao":164.4,"n_ancoras":79},"geometry":{"type":"Polygon","coordinates":[[[-45.705693,-22.246233],[-45.705686,-22.244878],[-45.707142,-22.244872],[-45.707149,-22.246227],[-45.705693,-22.246233]]]}},{"type":"Feature","properties":{"celula":"C017021","bairro":"Antônio Gonçalves Teixeira","populacao":201.4,"n_ancoras":91},"geometry":{"type":"Polygon","coordinates":[[[-45.705686,-22.244878],[-45.70568,-22.243523],[-45.707135,-22.243517],[-45.707142,-22.244872],[-45.705686,-22.244878]]]}},{"type":"Feature","properties":{"celula":"C017022","bairro":"São José","populacao":240.3,"n_ancoras":99},"geometry":{"type":"Polygon","coordinates":[[[-45.70568,-22.243523],[-45.705673,-22.242168],[-45.707128,-22.242162],[-45.707135,-22.243517],[-45.70568,-22.243523]]]}},{"type":"Feature","properties":{"celula":"C017023","bairro":"São José","populacao":252.3,"n_ancoras":88},"geometry":{"type":"Polygon","coordinates":[[[-45.705673,-22.242168],[-45.705666,-22.240813],[-45.707122,-22.240807],[-45.707128,-22.242162],[-45.705673,-22.242168]]]}},{"type":"Feature","properties":{"celula":"C017024","bairro":"Boa Vista","populacao":285.1,"n_ancoras":84},"geometry":{"type":"Polygon","coordinates":[[[-45.705666,-22.240813],[-45.705659,-22.239458],[-45.707115,-22.239452],[-45.707122,-22.240807],[-45.705666,-22.240813]]]}},{"type":"Feature","properties":{"celula":"C017025","bairro":"Boa Vista","populacao":287.4,"n_ancoras":97},"geometry":{"type":"Polygon","coordinates":[[[-45.705659,-22.239458],[-45.705653,-22.238103],[-45.707108,-22.238097],[-45.707115,-22.239452],[-45.705659,-22.239458]]]}},{"type":"Feature","properties":{"celula":"C017026","bairro":"Vila Operária","populacao":260.1,"n_ancoras":111},"geometry":{"type":"Polygon","coordinates":[[[-45.705653,-22.238103],[-45.705646,-22.236748],[-45.707101,-22.236742],[-45.707108,-22.238097],[-45.705653,-22.238103]]]}},{"type":"Feature","properties":{"celula":"C017027","bairro":"Arco-Íris","populacao":135.3,"n_ancoras":93},"geometry":{"type":"Polygon","coordinates":[[[-45.705646,-22.236748],[-45.705639,-22.235393],[-45.707094,-22.235387],[-45.707101,-22.236742],[-45.705646,-22.236748]]]}},{"type":"Feature","properties":{"celula":"C017028","bairro":"Arco-Íris","populacao":153.9,"n_ancoras":96},"geometry":{"type":"Polygon","coordinates":[[[-45.705639,-22.235393],[-45.705632,-22.234038],[-45.707088,-22.234032],[-45.707094,-22.235387],[-45.705639,-22.235393]]]}},{"type":"Feature","properties":{"celula":"C017029","bairro":"Arco-Íris","populacao":26.8,"n_ancoras":73},"geometry":{"type":"Polygon","coordinates":[[[-45.705632,-22.234038],[-45.705625,-22.232683],[-45.707081,-22.232677],[-45.707088,-22.234032],[-45.705632,-22.234038]]]}},{"type":"Feature","properties":{"celula":"C017030","bairro":"Arco-Íris","populacao":22.1,"n_ancoras":60},"geometry":{"type":"Polygon","coordinates":[[[-45.705625,-22.232683],[-45.705619,-22.231328],[-45.707074,-22.231322],[-45.707081,-22.232677],[-45.705625,-22.232683]]]}},{"type":"Feature","properties":{"celula":"C017031","bairro":"Arco-Íris","populacao":0.4,"n_ancoras":1},"geometry":{"type":"Polygon","coordinates":[[[-45.705619,-22.231328],[-45.705612,-22.229973],[-45.707067,-22.229967],[-45.707074,-22.231322],[-45.705619,-22.231328]]]}},{"type":"Feature","properties":{"celula":"C018000","bairro":"Área não classificada","populacao":4.3,"n_ancoras":16},"geometry":{"type":"Polygon","coordinates":[[[-45.704373,-22.273341],[-45.704366,-22.271986],[-45.705822,-22.271979],[-45.705829,-22.273334],[-45.704373,-22.273341]]]}},{"type":"Feature","properties":{"celula":"C018001","bairro":"Área não classificada","populacao":1.6,"n_ancoras":6},"geometry":{"type":"Polygon","coordinates":[[[-45.704366,-22.271986],[-45.70436,-22.270631],[-45.705816,-22.270624],[-45.705822,-22.271979],[-45.704366,-22.271986]]]}},{"type":"Feature","properties":{"celula":"C018002","bairro":"Área não classificada","populacao":0.0,"n_ancoras":0},"geometry":{"type":"Polygon","coordinates":[[[-45.70436,-22.270631],[-45.704353,-22.269275],[-45.705809,-22.269269],[-45.705816,-22.270624],[-45.70436,-22.270631]]]}},{"type":"Feature","properties":{"celula":"C018005","bairro":"Área não classificada","populacao":0.0,"n_ancoras":0},"geometry":{"type":"Polygon","coordinates":[[[-45.704339,-22.266565],[-45.704333,-22.26521],[-45.705788,-22.265204],[-45.705795,-22.266559],[-45.704339,-22.266565]]]}},{"type":"Feature","properties":{"celula":"C018006","bairro":"Área não classificada","populacao":0.0,"n_ancoras":0},"geometry":{"type":"Polygon","coordinates":[[[-45.704333,-22.26521],[-45.704326,-22.263855],[-45.705782,-22.263849],[-45.705788,-22.265204],[-45.704333,-22.26521]]]}},{"type":"Feature","properties":{"celula":"C018007","bairro":"Área não classificada","populacao":0.0,"n_ancoras":0},"geometry":{"type":"Polygon","coordinates":[[[-45.704326,-22.263855],[-45.704319,-22.2625],[-45.705775,-22.262494],[-45.705782,-22.263849],[-45.704326,-22.263855]]]}},{"type":"Feature","properties":{"celula":"C018008","bairro":"Eletrônica","populacao":2.1,"n_ancoras":3},"geometry":{"type":"Polygon","coordinates":[[[-45.704319,-22.2625],[-45.704312,-22.261145],[-45.705768,-22.261139],[-45.705775,-22.262494],[-45.704319,-22.2625]]]}},{"type":"Feature","properties":{"celula":"C018009","bairro":"Eletrônica","populacao":7.2,"n_ancoras":10},"geometry":{"type":"Polygon","coordinates":[[[-45.704312,-22.261145],[-45.704305,-22.25979],[-45.705761,-22.259784],[-45.705768,-22.261139],[-45.704312,-22.261145]]]}},{"type":"Feature","properties":{"celula":"C018010","bairro":"Eletrônica","populacao":0.8,"n_ancoras":1},"geometry":{"type":"Polygon","coordinates":[[[-45.704305,-22.25979],[-45.704299,-22.258435],[-45.705754,-22.258429],[-45.705761,-22.259784],[-45.704305,-22.25979]]]}},{"type":"Feature","properties":{"celula":"C018011","bairro":"Eletrônica","populacao":6.6,"n_ancoras":8},"geometry":{"type":"Polygon","coordinates":[[[-45.704299,-22.258435],[-45.704292,-22.25708],[-45.705748,-22.257074],[-45.705754,-22.258429],[-45.704299,-22.258435]]]}},{"type":"Feature","properties":{"celula":"C018012","bairro":"Eletrônica","populacao":2.5,"n_ancoras":3},"geometry":{"type":"Polygon","coordinates":[[[-45.704292,-22.25708],[-45.704285,-22.255725],[-45.705741,-22.255719],[-45.705748,-22.257074],[-45.704292,-22.25708]]]}},{"type":"Feature","properties":{"celula":"C018013","bairro":"Centro","populacao":57.2,"n_ancoras":69},"geometry":{"type":"Polygon","coordinates":[[[-45.704285,-22.255725],[-45.704278,-22.25437],[-45.705734,-22.254364],[-45.705741,-22.255719],[-45.704285,-22.255725]]]}},{"type":"Feature","properties":{"celula":"C018014","bairro":"Centro","populacao":85.9,"n_ancoras":100},"geometry":{"type":"Polygon","coordinates":[[[-45.704278,-22.25437],[-45.704272,-22.253015],[-45.705727,-22.253009],[-45.705734,-22.254364],[-45.704278,-22.25437]]]}},{"type":"Feature","properties":{"celula":"C018015","bairro":"Centro","populacao":65.6,"n_ancoras":59},"geometry":{"type":"Polygon","coordinates":[[[-45.704272,-22.253015],[-45.704265,-22.25166],[-45.70572,-22.251654],[-45.705727,-22.253009],[-45.704272,-22.253015]]]}},{"type":"Feature","properties":{"celula":"C018016","bairro":"Centro","populacao":93.0,"n_ancoras":65},"geometry":{"type":"Polygon","coordinates":[[[-45.704265,-22.25166],[-45.704258,-22.250305],[-45.705714,-22.250299],[-45.70572,-22.251654],[-45.704265,-22.25166]]]}},{"type":"Feature","properties":{"celula":"C018017","bairro":"Casa de Vítor","populacao":118.9,"n_ancoras":81},"geometry":{"type":"Polygon","coordinates":[[[-45.704258,-22.250305],[-45.704251,-22.24895],[-45.705707,-22.248944],[-45.705714,-22.250299],[-45.704258,-22.250305]]]}},{"type":"Feature","properties":{"celula":"C018018","bairro":"Casa de Vítor","populacao":102.8,"n_ancoras":66},"geometry":{"type":"Polygon","coordinates":[[[-45.704251,-22.24895],[-45.704244,-22.247595],[-45.7057,-22.247589],[-45.705707,-22.248944],[-45.704251,-22.24895]]]}},{"type":"Feature","properties":{"celula":"C018019","bairro":"Maristela","populacao":81.9,"n_ancoras":48},"geometry":{"type":"Polygon","coordinates":[[[-45.704244,-22.247595],[-45.704238,-22.24624],[-45.705693,-22.246233],[-45.7057,-22.247589],[-45.704244,-22.247595]]]}},{"type":"Feature","properties":{"celula":"C018020","bairro":"Maristela","populacao":134.3,"n_ancoras":63},"geometry":{"type":"Polygon","coordinates":[[[-45.704238,-22.24624],[-45.704231,-22.244885],[-45.705686,-22.244878],[-45.705693,-22.246233],[-45.704238,-22.24624]]]}},{"type":"Feature","properties":{"celula":"C018021","bairro":"Antônio Gonçalves Teixeira","populacao":133.4,"n_ancoras":55},"geometry":{"type":"Polygon","coordinates":[[[-45.704231,-22.244885],[-45.704224,-22.24353],[-45.70568,-22.243523],[-45.705686,-22.244878],[-45.704231,-22.244885]]]}},{"type":"Feature","properties":{"celula":"C018022","bairro":"Genoveva da Fonseca","populacao":153.7,"n_ancoras":59},"geometry":{"type":"Polygon","coordinates":[[[-45.704224,-22.24353],[-45.704217,-22.242175],[-45.705673,-22.242168],[-45.70568,-22.243523],[-45.704224,-22.24353]]]}},{"type":"Feature","properties":{"celula":"C018023","bairro":"Genoveva da Fonseca","populacao":175.2,"n_ancoras":60},"geometry":{"type":"Polygon","coordinates":[[[-45.704217,-22.242175],[-45.704211,-22.24082],[-45.705666,-22.240813],[-45.705673,-22.242168],[-45.704217,-22.242175]]]}},{"type":"Feature","properties":{"celula":"C018024","bairro":"Brasilia","populacao":191.5,"n_ancoras":65},"geometry":{"type":"Polygon","coordinates":[[[-45.704211,-22.24082],[-45.704204,-22.239465],[-45.705659,-22.239458],[-45.705666,-22.240813],[-45.704211,-22.24082]]]}},{"type":"Feature","properties":{"celula":"C018025","bairro":"Brasilia","populacao":218.8,"n_ancoras":84},"geometry":{"type":"Polygon","coordinates":[[[-45.704204,-22.239465],[-45.704197,-22.23811],[-45.705653,-22.238103],[-45.705659,-22.239458],[-45.704204,-22.239465]]]}},{"type":"Feature","properties":{"celula":"C018026","bairro":"Vila Operária","populacao":151.8,"n_ancoras":67},"geometry":{"type":"Polygon","coordinates":[[[-45.704197,-22.23811],[-45.70419,-22.236754],[-45.705646,-22.236748],[-45.705653,-22.238103],[-45.704197,-22.23811]]]}},{"type":"Feature","properties":{"celula":"C018027","bairro":"Vila Operária","populacao":267.4,"n_ancoras":114},"geometry":{"type":"Polygon","coordinates":[[[-45.70419,-22.236754],[-45.704183,-22.235399],[-45.705639,-22.235393],[-45.705646,-22.236748],[-45.70419,-22.236754]]]}},{"type":"Feature","properties":{"celula":"C018028","bairro":"Arco-Íris","populacao":263.1,"n_ancoras":101},"geometry":{"type":"Polygon","coordinates":[[[-45.704183,-22.235399],[-45.704177,-22.234044],[-45.705632,-22.234038],[-45.705639,-22.235393],[-45.704183,-22.235399]]]}},{"type":"Feature","properties":{"celula":"C018029","bairro":"Arco-Íris","populacao":23.4,"n_ancoras":58},"geometry":{"type":"Polygon","coordinates":[[[-45.704177,-22.234044],[-45.70417,-22.232689],[-45.705625,-22.232683],[-45.705632,-22.234038],[-45.704177,-22.234044]]]}},{"type":"Feature","properties":{"celula":"C018030","bairro":"Centro Empresarial Paulo F. Toledo","populacao":21.3,"n_ancoras":58},"geometry":{"type":"Polygon","coordinates":[[[-45.70417,-22.232689],[-45.704163,-22.231334],[-45.705619,-22.231328],[-45.705625,-22.232683],[-45.70417,-22.232689]]]}},{"type":"Feature","properties":{"celula":"C018031","bairro":"Centro Empresarial Paulo F. Toledo","populacao":11.0,"n_ancoras":30},"geometry":{"type":"Polygon","coordinates":[[[-45.704163,-22.231334],[-45.704156,-22.229979],[-45.705612,-22.229973],[-45.705619,-22.231328],[-45.704163,-22.231334]]]}},{"type":"Feature","properties":{"celula":"C019000","bairro":"Área não classificada","populacao":2.4,"n_ancoras":9},"geometry":{"type":"Polygon","coordinates":[[[-45.702917,-22.273347],[-45.702911,-22.271992],[-45.704366,-22.271986],[-45.704373,-22.273341],[-45.702917,-22.273347]]]}},{"type":"Feature","properties":{"celula":"C019001","bairro":"Área não classificada","populacao":0.0,"n_ancoras":0},"geometry":{"type":"Polygon","coordinates":[[[-45.702911,-22.271992],[-45.702904,-22.270637],[-45.70436,-22.270631],[-45.704366,-22.271986],[-45.702911,-22.271992]]]}},{"type":"Feature","properties":{"celula":"C019002","bairro":"Área não classificada","populacao":0.0,"n_ancoras":0},"geometry":{"type":"Polygon","coordinates":[[[-45.702904,-22.270637],[-45.702897,-22.269282],[-45.704353,-22.269275],[-45.70436,-22.270631],[-45.702904,-22.270637]]]}},{"type":"Feature","properties":{"celula":"C019005","bairro":"Área não classificada","populacao":0.0,"n_ancoras":0},"geometry":{"type":"Polygon","coordinates":[[[-45.702883,-22.266572],[-45.702877,-22.265217],[-45.704333,-22.26521],[-45.704339,-22.266565],[-45.702883,-22.266572]]]}},{"type":"Feature","properties":{"celula":"C019006","bairro":"Jardim Santo Antônio","populacao":8.5,"n_ancoras":12},"geometry":{"type":"Polygon","coordinates":[[[-45.702877,-22.265217],[-45.70287,-22.263862],[-45.704326,-22.263855],[-45.704333,-22.26521],[-45.702877,-22.265217]]]}},{"type":"Feature","properties":{"celula":"C019007","bairro":"Jardim Santo Antônio","populacao":37.5,"n_ancoras":53},"geometry":{"type":"Polygon","coordinates":[[[-45.70287,-22.263862],[-45.702863,-22.262507],[-45.704319,-22.2625],[-45.704326,-22.263855],[-45.70287,-22.263862]]]}},{"type":"Feature","properties":{"celula":"C019008","bairro":"Jardim Santo Antônio","populacao":29.7,"n_ancoras":42},"geometry":{"type":"Polygon","coordinates":[[[-45.702863,-22.262507],[-45.702856,-22.261152],[-45.704312,-22.261145],[-45.704319,-22.2625],[-45.702863,-22.262507]]]}},{"type":"Feature","properties":{"celula":"C019009","bairro":"Eletrônica","populacao":42.5,"n_ancoras":60},"geometry":{"type":"Polygon","coordinates":[[[-45.702856,-22.261152],[-45.70285,-22.259797],[-45.704305,-22.25979],[-45.704312,-22.261145],[-45.702856,-22.261152]]]}},{"type":"Feature","properties":{"celula":"C019010","bairro":"Eletrônica","populacao":20.7,"n_ancoras":25},"geometry":{"type":"Polygon","coordinates":[[[-45.70285,-22.259797],[-45.702843,-22.258441],[-45.704299,-22.258435],[-45.704305,-22.25979],[-45.70285,-22.259797]]]}},{"type":"Feature","properties":{"celula":"C019011","bairro":"Eletrônica","populacao":45.6,"n_ancoras":55},"geometry":{"type":"Polygon","coordinates":[[[-45.702843,-22.258441],[-45.702836,-22.257086],[-45.704292,-22.25708],[-45.704299,-22.258435],[-45.702843,-22.258441]]]}},{"type":"Feature","properties":{"celula":"C019012","bairro":"Eletrônica","populacao":70.5,"n_ancoras":85},"geometry":{"type":"Polygon","coordinates":[[[-45.702836,-22.257086],[-45.702829,-22.255731],[-45.704285,-22.255725],[-45.704292,-22.25708],[-45.702836,-22.257086]]]}},{"type":"Feature","properties":{"celula":"C019013","bairro":"Centro","populacao":42.1,"n_ancoras":45},"geometry":{"type":"Polygon","coordinates":[[[-45.702829,-22.255731],[-45.702823,-22.254376],[-45.704278,-22.25437],[-45.704285,-22.255725],[-45.702829,-22.255731]]]}},{"type":"Feature","properties":{"celula":"C019014","bairro":"Centro","populacao":96.4,"n_ancoras":90},"geometry":{"type":"Polygon","coordinates":[[[-45.702823,-22.254376],[-45.702816,-22.253021],[-45.704272,-22.253015],[-45.704278,-22.25437],[-45.702823,-22.254376]]]}},{"type":"Feature","properties":{"celula":"C019015","bairro":"Centro","populacao":58.4,"n_ancoras":58},"geometry":{"type":"Polygon","coordinates":[[[-45.702816,-22.253021],[-45.702809,-22.251666],[-45.704265,-22.25166],[-45.704272,-22.253015],[-45.702816,-22.253021]]]}},{"type":"Feature","properties":{"celula":"C019016","bairro":"Centro","populacao":59.7,"n_ancoras":50},"geometry":{"type":"Polygon","coordinates":[[[-45.702809,-22.251666],[-45.702802,-22.250311],[-45.704258,-22.250305],[-45.704265,-22.25166],[-45.702809,-22.251666]]]}},{"type":"Feature","properties":{"celula":"C019017","bairro":"Centro","populacao":91.8,"n_ancoras":66},"geometry":{"type":"Polygon","coordinates":[[[-45.702802,-22.250311],[-45.702796,-22.248956],[-45.704251,-22.24895],[-45.704258,-22.250305],[-45.702802,-22.250311]]]}},{"type":"Feature","properties":{"celula":"C019018","bairro":"Casa de Vítor","populacao":83.5,"n_ancoras":58},"geometry":{"type":"Polygon","coordinates":[[[-45.702796,-22.248956],[-45.702789,-22.247601],[-45.704244,-22.247595],[-45.704251,-22.24895],[-45.702796,-22.248956]]]}},{"type":"Feature","properties":{"celula":"C019019","bairro":"Casa de Vítor","populacao":84.0,"n_ancoras":56},"geometry":{"type":"Polygon","coordinates":[[[-45.702789,-22.247601],[-45.702782,-22.246246],[-45.704238,-22.24624],[-45.704244,-22.247595],[-45.702789,-22.247601]]]}},{"type":"Feature","properties":{"celula":"C019020","bairro":"Maristela","populacao":8.7,"n_ancoras":7},"geometry":{"type":"Polygon","coordinates":[[[-45.702782,-22.246246],[-45.702775,-22.244891],[-45.704231,-22.244885],[-45.704238,-22.24624],[-45.702782,-22.246246]]]}},{"type":"Feature","properties":{"celula":"C019021","bairro":"Área não classificada","populacao":0.0,"n_ancoras":0},"geometry":{"type":"Polygon","coordinates":[[[-45.702775,-22.244891],[-45.702768,-22.243536],[-45.704224,-22.24353],[-45.704231,-22.244885],[-45.702775,-22.244891]]]}},{"type":"Feature","properties":{"celula":"C019022","bairro":"Genoveva da Fonseca","populacao":7.5,"n_ancoras":6},"geometry":{"type":"Polygon","coordinates":[[[-45.702768,-22.243536],[-45.702762,-22.242181],[-45.704217,-22.242175],[-45.704224,-22.24353],[-45.702768,-22.243536]]]}},{"type":"Feature","properties":{"celula":"C019023","bairro":"Genoveva da Fonseca","populacao":68.0,"n_ancoras":28},"geometry":{"type":"Polygon","coordinates":[[[-45.702762,-22.242181],[-45.702755,-22.240826],[-45.704211,-22.24082],[-45.704217,-22.242175],[-45.702762,-22.242181]]]}},{"type":"Feature","properties":{"celula":"C019024","bairro":"Brasilia","populacao":180.2,"n_ancoras":63},"geometry":{"type":"Polygon","coordinates":[[[-45.702755,-22.240826],[-45.702748,-22.239471],[-45.704204,-22.239465],[-45.704211,-22.24082],[-45.702755,-22.240826]]]}},{"type":"Feature","properties":{"celula":"C019025","bairro":"Brasilia","populacao":84.2,"n_ancoras":33},"geometry":{"type":"Polygon","coordinates":[[[-45.702748,-22.239471],[-45.702741,-22.238116],[-45.704197,-22.23811],[-45.704204,-22.239465],[-45.702748,-22.239471]]]}},{"type":"Feature","properties":{"celula":"C019026","bairro":"Vila Operária","populacao":188.7,"n_ancoras":103},"geometry":{"type":"Polygon","coordinates":[[[-45.702741,-22.238116],[-45.702735,-22.236761],[-45.70419,-22.236754],[-45.704197,-22.23811],[-45.702741,-22.238116]]]}},{"type":"Feature","properties":{"celula":"C019027","bairro":"Vila Operária","populacao":158.6,"n_ancoras":77},"geometry":{"type":"Polygon","coordinates":[[[-45.702735,-22.236761],[-45.702728,-22.235406],[-45.704183,-22.235399],[-45.70419,-22.236754],[-45.702735,-22.236761]]]}},{"type":"Feature","properties":{"celula":"C019028","bairro":"Centro Empresarial Paulo F. Toledo","populacao":106.5,"n_ancoras":75},"geometry":{"type":"Polygon","coordinates":[[[-45.702728,-22.235406],[-45.702721,-22.234051],[-45.704177,-22.234044],[-45.704183,-22.235399],[-45.702728,-22.235406]]]}},{"type":"Feature","properties":{"celula":"C019029","bairro":"Centro Empresarial Paulo F. Toledo","populacao":96.0,"n_ancoras":81},"geometry":{"type":"Polygon","coordinates":[[[-45.702721,-22.234051],[-45.702714,-22.232696],[-45.70417,-22.232689],[-45.704177,-22.234044],[-45.702721,-22.234051]]]}},{"type":"Feature","properties":{"celula":"C019030","bairro":"Centro Empresarial Paulo F. Toledo","populacao":28.3,"n_ancoras":77},"geometry":{"type":"Polygon","coordinates":[[[-45.702714,-22.232696],[-45.702708,-22.231341],[-45.704163,-22.231334],[-45.70417,-22.232689],[-45.702714,-22.232696]]]}},{"type":"Feature","properties":{"celula":"C019031","bairro":"Centro Empresarial Paulo F. Toledo","populacao":19.5,"n_ancoras":53},"geometry":{"type":"Polygon","coordinates":[[[-45.702708,-22.231341],[-45.702701,-22.229986],[-45.704156,-22.229979],[-45.704163,-22.231334],[-45.702708,-22.231341]]]}},{"type":"Feature","properties":{"celula":"C020000","bairro":"Área não classificada","populacao":4.6,"n_ancoras":17},"geometry":{"type":"Polygon","coordinates":[[[-45.701461,-22.273353],[-45.701455,-22.271998],[-45.702911,-22.271992],[-45.702917,-22.273347],[-45.701461,-22.273353]]]}},{"type":"Feature","properties":{"celula":"C020001","bairro":"Área não classificada","populacao":0.5,"n_ancoras":2},"geometry":{"type":"Polygon","coordinates":[[[-45.701455,-22.271998],[-45.701448,-22.270643],[-45.702904,-22.270637],[-45.702911,-22.271992],[-45.701455,-22.271998]]]}},{"type":"Feature","properties":{"celula":"C020006","bairro":"Jardim Santo Antônio","populacao":7.8,"n_ancoras":11},"geometry":{"type":"Polygon","coordinates":[[[-45.701421,-22.265223],[-45.701414,-22.263868],[-45.70287,-22.263862],[-45.702877,-22.265217],[-45.701421,-22.265223]]]}},{"type":"Feature","properties":{"celula":"C020007","bairro":"Jardim Santo Antônio","populacao":61.4,"n_ancoras":70},"geometry":{"type":"Polygon","coordinates":[[[-45.701414,-22.263868],[-45.701407,-22.262513],[-45.702863,-22.262507],[-45.70287,-22.263862],[-45.701414,-22.263868]]]}},{"type":"Feature","properties":{"celula":"C020008","bairro":"Jardim Santo Antônio","populacao":61.4,"n_ancoras":58},"geometry":{"type":"Polygon","coordinates":[[[-45.701407,-22.262513],[-45.701401,-22.261158],[-45.702856,-22.261152],[-45.702863,-22.262507],[-45.701407,-22.262513]]]}},{"type":"Feature","properties":{"celula":"C020009","bairro":"Eletrônica","populacao":91.9,"n_ancoras":85},"geometry":{"type":"Polygon","coordinates":[[[-45.701401,-22.261158],[-45.701394,-22.259803],[-45.70285,-22.259797],[-45.702856,-22.261152],[-45.701401,-22.261158]]]}},{"type":"Feature","properties":{"celula":"C020010","bairro":"Eletrônica","populacao":100.9,"n_ancoras":83},"geometry":{"type":"Polygon","coordinates":[[[-45.701394,-22.259803],[-45.701387,-22.258448],[-45.702843,-22.258441],[-45.70285,-22.259797],[-45.701394,-22.259803]]]}},{"type":"Feature","properties":{"celula":"C020011","bairro":"Eletrônica","populacao":164.3,"n_ancoras":128},"geometry":{"type":"Polygon","coordinates":[[[-45.701387,-22.258448],[-45.70138,-22.257093],[-45.702836,-22.257086],[-45.702843,-22.258441],[-45.701387,-22.258448]]]}},{"type":"Feature","properties":{"celula":"C020012","bairro":"Eletrônica","populacao":125.7,"n_ancoras":117},"geometry":{"type":"Polygon","coordinates":[[[-45.70138,-22.257093],[-45.701374,-22.255738],[-45.702829,-22.255731],[-45.702836,-22.257086],[-45.70138,-22.257093]]]}},{"type":"Feature","properties":{"celula":"C020013","bairro":"Delcídes Telles","populacao":172.6,"n_ancoras":80},"geometry":{"type":"Polygon","coordinates":[[[-45.701374,-22.255738],[-45.701367,-22.254383],[-45.702823,-22.254376],[-45.702829,-22.255731],[-45.701374,-22.255738]]]}},{"type":"Feature","properties":{"celula":"C020014","bairro":"Centro","populacao":216.6,"n_ancoras":76},"geometry":{"type":"Polygon","coordinates":[[[-45.701367,-22.254383],[-45.70136,-22.253028],[-45.702816,-22.253021],[-45.702823,-22.254376],[-45.701367,-22.254383]]]}},{"type":"Feature","properties":{"celula":"C020015","bairro":"Centro","populacao":97.5,"n_ancoras":73},"geometry":{"type":"Polygon","coordinates":[[[-45.70136,-22.253028],[-45.701353,-22.251673],[-45.702809,-22.251666],[-45.702816,-22.253021],[-45.70136,-22.253028]]]}},{"type":"Feature","properties":{"celula":"C020016","bairro":"Rua Nova","populacao":129.0,"n_ancoras":83},"geometry":{"type":"Polygon","coordinates":[[[-45.701353,-22.251673],[-45.701347,-22.250318],[-45.702802,-22.250311],[-45.702809,-22.251666],[-45.701353,-22.251673]]]}},{"type":"Feature","properties":{"celula":"C020017","bairro":"Rua Nova","populacao":83.9,"n_ancoras":56},"geometry":{"type":"Polygon","coordinates":[[[-45.701347,-22.250318],[-45.70134,-22.248962],[-45.702796,-22.248956],[-45.702802,-22.250311],[-45.701347,-22.250318]]]}},{"type":"Feature","properties":{"celula":"C020018","bairro":"Casa de Vítor","populacao":15.2,"n_ancoras":12},"geometry":{"type":"Polygon","coordinates":[[[-45.70134,-22.248962],[-45.701333,-22.247607],[-45.702789,-22.247601],[-45.702796,-22.248956],[-45.70134,-22.248962]]]}},{"type":"Feature","properties":{"celula":"C020019","bairro":"Casa de Vítor","populacao":3.7,"n_ancoras":3},"geometry":{"type":"Polygon","coordinates":[[[-45.701333,-22.247607],[-45.701326,-22.246252],[-45.702782,-22.246246],[-45.702789,-22.247601],[-45.701333,-22.247607]]]}},{"type":"Feature","properties":{"celula":"C020023","bairro":"Área não classificada","populacao":0.0,"n_ancoras":0},"geometry":{"type":"Polygon","coordinates":[[[-45.701306,-22.242187],[-45.701299,-22.240832],[-45.702755,-22.240826],[-45.702762,-22.242181],[-45.701306,-22.242187]]]}},{"type":"Feature","properties":{"celula":"C020024","bairro":"Valle II","populacao":67.2,"n_ancoras":54},"geometry":{"type":"Polygon","coordinates":[[[-45.701299,-22.240832],[-45.701293,-22.239477],[-45.702748,-22.239471],[-45.702755,-22.240826],[-45.701299,-22.240832]]]}},{"type":"Feature","properties":{"celula":"C020025","bairro":"Gomes","populacao":113.8,"n_ancoras":51},"geometry":{"type":"Polygon","coordinates":[[[-45.701293,-22.239477],[-45.701286,-22.238122],[-45.702741,-22.238116],[-45.702748,-22.239471],[-45.701293,-22.239477]]]}},{"type":"Feature","properties":{"celula":"C020026","bairro":"Gomes","populacao":73.3,"n_ancoras":25},"geometry":{"type":"Polygon","coordinates":[[[-45.701286,-22.238122],[-45.701279,-22.236767],[-45.702735,-22.236761],[-45.702741,-22.238116],[-45.701286,-22.238122]]]}},{"type":"Feature","properties":{"celula":"C020027","bairro":"Anchieta","populacao":261.3,"n_ancoras":87},"geometry":{"type":"Polygon","coordinates":[[[-45.701279,-22.236767],[-45.701272,-22.235412],[-45.702728,-22.235406],[-45.702735,-22.236761],[-45.701279,-22.236767]]]}},{"type":"Feature","properties":{"celula":"C020028","bairro":"Anchieta","populacao":158.9,"n_ancoras":77},"geometry":{"type":"Polygon","coordinates":[[[-45.701272,-22.235412],[-45.701266,-22.234057],[-45.702721,-22.234051],[-45.702728,-22.235406],[-45.701272,-22.235412]]]}},{"type":"Feature","properties":{"celula":"C020029","bairro":"Anchieta","populacao":90.5,"n_ancoras":59},"geometry":{"type":"Polygon","coordinates":[[[-45.701266,-22.234057],[-45.701259,-22.232702],[-45.702714,-22.232696],[-45.702721,-22.234051],[-45.701266,-22.234057]]]}},{"type":"Feature","properties":{"celula":"C020030","bairro":"Centro Empresarial Paulo F. Toledo","populacao":7.7,"n_ancoras":21},"geometry":{"type":"Polygon","coordinates":[[[-45.701259,-22.232702],[-45.701252,-22.231347],[-45.702708,-22.231341],[-45.702714,-22.232696],[-45.701259,-22.232702]]]}},{"type":"Feature","properties":{"celula":"C020031","bairro":"Centro Empresarial Paulo F. Toledo","populacao":15.1,"n_ancoras":41},"geometry":{"type":"Polygon","coordinates":[[[-45.701252,-22.231347],[-45.701245,-22.229992],[-45.702701,-22.229986],[-45.702708,-22.231341],[-45.701252,-22.231347]]]}},{"type":"Feature","properties":{"celula":"C021000","bairro":"Área não classificada","populacao":0.0,"n_ancoras":0},"geometry":{"type":"Polygon","coordinates":[[[-45.700006,-22.273359],[-45.699999,-22.272004],[-45.701455,-22.271998],[-45.701461,-22.273353],[-45.700006,-22.273359]]]}},{"type":"Feature","properties":{"celula":"C021001","bairro":"Área não classificada","populacao":0.0,"n_ancoras":0},"geometry":{"type":"Polygon","coordinates":[[[-45.699999,-22.272004],[-45.699992,-22.270649],[-45.701448,-22.270643],[-45.701455,-22.271998],[-45.699999,-22.272004]]]}},{"type":"Feature","properties":{"celula":"C021004","bairro":"Área não classificada","populacao":0.0,"n_ancoras":0},"geometry":{"type":"Polygon","coordinates":[[[-45.699979,-22.267939],[-45.699972,-22.266584],[-45.701428,-22.266578],[-45.701434,-22.267933],[-45.699979,-22.267939]]]}},{"type":"Feature","properties":{"celula":"C021005","bairro":"Área não classificada","populacao":0.0,"n_ancoras":0},"geometry":{"type":"Polygon","coordinates":[[[-45.699972,-22.266584],[-45.699965,-22.265229],[-45.701421,-22.265223],[-45.701428,-22.266578],[-45.699972,-22.266584]]]}},{"type":"Feature","properties":{"celula":"C021006","bairro":"Jardim Santo Antônio","populacao":2.8,"n_ancoras":4},"geometry":{"type":"Polygon","coordinates":[[[-45.699965,-22.265229],[-45.699958,-22.263874],[-45.701414,-22.263868],[-45.701421,-22.265223],[-45.699965,-22.265229]]]}},{"type":"Feature","properties":{"celula":"C021007","bairro":"Jardim Santo Antônio","populacao":79.1,"n_ancoras":72},"geometry":{"type":"Polygon","coordinates":[[[-45.699958,-22.263874],[-45.699952,-22.262519],[-45.701407,-22.262513],[-45.701414,-22.263868],[-45.699958,-22.263874]]]}},{"type":"Feature","properties":{"celula":"C021008","bairro":"Jardim Santo Antônio","populacao":87.4,"n_ancoras":65},"geometry":{"type":"Polygon","coordinates":[[[-45.699952,-22.262519],[-45.699945,-22.261164],[-45.701401,-22.261158],[-45.701407,-22.262513],[-45.699952,-22.262519]]]}},{"type":"Feature","properties":{"celula":"C021009","bairro":"Jardim Santo Antônio","populacao":95.4,"n_ancoras":71},"geometry":{"type":"Polygon","coordinates":[[[-45.699945,-22.261164],[-45.699938,-22.259809],[-45.701394,-22.259803],[-45.701401,-22.261158],[-45.699945,-22.261164]]]}},{"type":"Feature","properties":{"celula":"C021010","bairro":"Eletrônica","populacao":63.2,"n_ancoras":47},"geometry":{"type":"Polygon","coordinates":[[[-45.699938,-22.259809],[-45.699931,-22.258454],[-45.701387,-22.258448],[-45.701394,-22.259803],[-45.699938,-22.259809]]]}},{"type":"Feature","properties":{"celula":"C021011","bairro":"Eletrônica","populacao":91.1,"n_ancoras":59},"geometry":{"type":"Polygon","coordinates":[[[-45.699931,-22.258454],[-45.699925,-22.257099],[-45.70138,-22.257093],[-45.701387,-22.258448],[-45.699931,-22.258454]]]}},{"type":"Feature","properties":{"celula":"C021012","bairro":"Delcídes Telles","populacao":146.9,"n_ancoras":87},"geometry":{"type":"Polygon","coordinates":[[[-45.699925,-22.257099],[-45.699918,-22.255744],[-45.701374,-22.255738],[-45.70138,-22.257093],[-45.699925,-22.257099]]]}},{"type":"Feature","properties":{"celula":"C021013","bairro":"Delcídes Telles","populacao":185.2,"n_ancoras":108},"geometry":{"type":"Polygon","coordinates":[[[-45.699918,-22.255744],[-45.699911,-22.254389],[-45.701367,-22.254383],[-45.701374,-22.255738],[-45.699918,-22.255744]]]}},{"type":"Feature","properties":{"celula":"C021014","bairro":"Delcídes Telles","populacao":111.5,"n_ancoras":58},"geometry":{"type":"Polygon","coordinates":[[[-45.699911,-22.254389],[-45.699904,-22.253034],[-45.70136,-22.253028],[-45.701367,-22.254383],[-45.699911,-22.254389]]]}},{"type":"Feature","properties":{"celula":"C021015","bairro":"Rua Nova","populacao":70.3,"n_ancoras":42},"geometry":{"type":"Polygon","coordinates":[[[-45.699904,-22.253034],[-45.699898,-22.251679],[-45.701353,-22.251673],[-45.70136,-22.253028],[-45.699904,-22.253034]]]}},{"type":"Feature","properties":{"celula":"C021016","bairro":"Rua Nova","populacao":88.6,"n_ancoras":52},"geometry":{"type":"Polygon","coordinates":[[[-45.699898,-22.251679],[-45.699891,-22.250324],[-45.701347,-22.250318],[-45.701353,-22.251673],[-45.699898,-22.251679]]]}},{"type":"Feature","properties":{"celula":"C021017","bairro":"Rua Nova","populacao":160.2,"n_ancoras":93},"geometry":{"type":"Polygon","coordinates":[[[-45.699891,-22.250324],[-45.699884,-22.248969],[-45.70134,-22.248962],[-45.701347,-22.250318],[-45.699891,-22.250324]]]}},{"type":"Feature","properties":{"celula":"C021018","bairro":"Vila das Fontes","populacao":68.6,"n_ancoras":54},"geometry":{"type":"Polygon","coordinates":[[[-45.699884,-22.248969],[-45.699878,-22.247614],[-45.701333,-22.247607],[-45.70134,-22.248962],[-45.699884,-22.248969]]]}},{"type":"Feature","properties":{"celula":"C021019","bairro":"Portal da Torre","populacao":2.5,"n_ancoras":2},"geometry":{"type":"Polygon","coordinates":[[[-45.699878,-22.247614],[-45.699871,-22.246259],[-45.701326,-22.246252],[-45.701333,-22.247607],[-45.699878,-22.247614]]]}},{"type":"Feature","properties":{"celula":"C021023","bairro":"Valle II","populacao":1.2,"n_ancoras":1},"geometry":{"type":"Polygon","coordinates":[[[-45.699851,-22.242194],[-45.699844,-22.240838],[-45.701299,-22.240832],[-45.701306,-22.242187],[-45.699851,-22.242194]]]}},{"type":"Feature","properties":{"celula":"C021024","bairro":"Valle II","populacao":71.0,"n_ancoras":50},"geometry":{"type":"Polygon","coordinates":[[[-45.699844,-22.240838],[-45.699837,-22.239483],[-45.701293,-22.239477],[-45.701299,-22.240832],[-45.699844,-22.240838]]]}},{"type":"Feature","properties":{"celula":"C021025","bairro":"Valle II","populacao":101.3,"n_ancoras":44},"geometry":{"type":"Polygon","coordinates":[[[-45.699837,-22.239483],[-45.69983,-22.238128],[-45.701286,-22.238122],[-45.701293,-22.239477],[-45.699837,-22.239483]]]}},{"type":"Feature","properties":{"celula":"C021026","bairro":"Gomes","populacao":150.5,"n_ancoras":59},"geometry":{"type":"Polygon","coordinates":[[[-45.69983,-22.238128],[-45.699824,-22.236773],[-45.701279,-22.236767],[-45.701286,-22.238122],[-45.69983,-22.238128]]]}},{"type":"Feature","properties":{"celula":"C021027","bairro":"Anchieta","populacao":224.0,"n_ancoras":83},"geometry":{"type":"Polygon","coordinates":[[[-45.699824,-22.236773],[-45.699817,-22.235418],[-45.701272,-22.235412],[-45.701279,-22.236767],[-45.699824,-22.236773]]]}},{"type":"Feature","properties":{"celula":"C021028","bairro":"Anchieta","populacao":202.7,"n_ancoras":68},"geometry":{"type":"Polygon","coordinates":[[[-45.699817,-22.235418],[-45.69981,-22.234063],[-45.701266,-22.234057],[-45.701272,-22.235412],[-45.699817,-22.235418]]]}},{"type":"Feature","properties":{"celula":"C021029","bairro":"Anchieta","populacao":69.8,"n_ancoras":22},"geometry":{"type":"Polygon","coordinates":[[[-45.69981,-22.234063],[-45.699803,-22.232708],[-45.701259,-22.232702],[-45.701266,-22.234057],[-45.69981,-22.234063]]]}},{"type":"Feature","properties":{"celula":"C022003","bairro":"Área não classificada","populacao":0.0,"n_ancoras":0},"geometry":{"type":"Polygon","coordinates":[[[-45.698529,-22.269301],[-45.698523,-22.267946],[-45.699979,-22.267939],[-45.699985,-22.269294],[-45.698529,-22.269301]]]}},{"type":"Feature","properties":{"celula":"C022004","bairro":"Jardim Santo Antônio","populacao":10.2,"n_ancoras":19},"geometry":{"type":"Polygon","coordinates":[[[-45.698523,-22.267946],[-45.698516,-22.266591],[-45.699972,-22.266584],[-45.699979,-22.267939],[-45.698523,-22.267946]]]}},{"type":"Feature","properties":{"celula":"C022005","bairro":"Jardim Santo Antônio","populacao":12.9,"n_ancoras":24},"geometry":{"type":"Polygon","coordinates":[[[-45.698516,-22.266591],[-45.698509,-22.265235],[-45.699965,-22.265229],[-45.699972,-22.266584],[-45.698516,-22.266591]]]}},{"type":"Feature","properties":{"celula":"C022006","bairro":"Jardim Santo Antônio","populacao":7.0,"n_ancoras":13},"geometry":{"type":"Polygon","coordinates":[[[-45.698509,-22.265235],[-45.698503,-22.26388],[-45.699958,-22.263874],[-45.699965,-22.265229],[-45.698509,-22.265235]]]}},{"type":"Feature","properties":{"celula":"C022007","bairro":"Jardim Santo Antônio","populacao":50.3,"n_ancoras":54},"geometry":{"type":"Polygon","coordinates":[[[-45.698503,-22.26388],[-45.698496,-22.262525],[-45.699952,-22.262519],[-45.699958,-22.263874],[-45.698503,-22.26388]]]}},{"type":"Feature","properties":{"celula":"C022008","bairro":"Jardim Santo Antônio","populacao":57.3,"n_ancoras":56},"geometry":{"type":"Polygon","coordinates":[[[-45.698496,-22.262525],[-45.698489,-22.26117],[-45.699945,-22.261164],[-45.699952,-22.262519],[-45.698496,-22.262525]]]}},{"type":"Feature","properties":{"celula":"C022009","bairro":"Jardim Santo Antônio","populacao":66.3,"n_ancoras":55},"geometry":{"type":"Polygon","coordinates":[[[-45.698489,-22.26117],[-45.698482,-22.259815],[-45.699938,-22.259809],[-45.699945,-22.261164],[-45.698489,-22.26117]]]}},{"type":"Feature","properties":{"celula":"C022010","bairro":"Inatel","populacao":87.0,"n_ancoras":62},"geometry":{"type":"Polygon","coordinates":[[[-45.698482,-22.259815],[-45.698476,-22.25846],[-45.699931,-22.258454],[-45.699938,-22.259809],[-45.698482,-22.259815]]]}},{"type":"Feature","properties":{"celula":"C022011","bairro":"Inatel","populacao":117.9,"n_ancoras":71},"geometry":{"type":"Polygon","coordinates":[[[-45.698476,-22.25846],[-45.698469,-22.257105],[-45.699925,-22.257099],[-45.699931,-22.258454],[-45.698476,-22.25846]]]}},{"type":"Feature","properties":{"celula":"C022012","bairro":"Delcídes Telles","populacao":108.9,"n_ancoras":69},"geometry":{"type":"Polygon","coordinates":[[[-45.698469,-22.257105],[-45.698462,-22.25575],[-45.699918,-22.255744],[-45.699925,-22.257099],[-45.698469,-22.257105]]]}},{"type":"Feature","properties":{"celula":"C022013","bairro":"Delcídes Telles","populacao":85.8,"n_ancoras":63},"geometry":{"type":"Polygon","coordinates":[[[-45.698462,-22.25575],[-45.698455,-22.254395],[-45.699911,-22.254389],[-45.699918,-22.255744],[-45.698462,-22.25575]]]}},{"type":"Feature","properties":{"celula":"C022014","bairro":"Delcídes Telles","populacao":72.0,"n_ancoras":43},"geometry":{"type":"Polygon","coordinates":[[[-45.698455,-22.254395],[-45.698449,-22.25304],[-45.699904,-22.253034],[-45.699911,-22.254389],[-45.698455,-22.254395]]]}},{"type":"Feature","properties":{"celula":"C022015","bairro":"Rua Nova","populacao":70.3,"n_ancoras":42},"geometry":{"type":"Polygon","coordinates":[[[-45.698449,-22.25304],[-45.698442,-22.251685],[-45.699898,-22.251679],[-45.699904,-22.253034],[-45.698449,-22.25304]]]}},{"type":"Feature","properties":{"celula":"C022016","bairro":"Rua Nova","populacao":78.2,"n_ancoras":48},"geometry":{"type":"Polygon","coordinates":[[[-45.698442,-22.251685],[-45.698435,-22.25033],[-45.699891,-22.250324],[-45.699898,-22.251679],[-45.698442,-22.251685]]]}},{"type":"Feature","properties":{"celula":"C022017","bairro":"Vila das Fontes","populacao":85.2,"n_ancoras":66},"geometry":{"type":"Polygon","coordinates":[[[-45.698435,-22.25033],[-45.698429,-22.248975],[-45.699884,-22.248969],[-45.699891,-22.250324],[-45.698435,-22.25033]]]}},{"type":"Feature","properties":{"celula":"C022018","bairro":"Vila das Fontes","populacao":66.7,"n_ancoras":54},"geometry":{"type":"Polygon","coordinates":[[[-45.698429,-22.248975],[-45.698422,-22.24762],[-45.699878,-22.247614],[-45.699884,-22.248969],[-45.698429,-22.248975]]]}},{"type":"Feature","properties":{"celula":"C022019","bairro":"Portal da Torre","populacao":22.4,"n_ancoras":18},"geometry":{"type":"Polygon","coordinates":[[[-45.698422,-22.24762],[-45.698415,-22.246265],[-45.699871,-22.246259],[-45.699878,-22.247614],[-45.698422,-22.24762]]]}},{"type":"Feature","properties":{"celula":"C022023","bairro":"Área não classificada","populacao":0.0,"n_ancoras":0},"geometry":{"type":"Polygon","coordinates":[[[-45.698395,-22.2422],[-45.698388,-22.240845],[-45.699844,-22.240838],[-45.699851,-22.242194],[-45.698395,-22.2422]]]}},{"type":"Feature","properties":{"celula":"C022024","bairro":"Valle II","populacao":44.8,"n_ancoras":18},"geometry":{"type":"Polygon","coordinates":[[[-45.698388,-22.240845],[-45.698382,-22.23949],[-45.699837,-22.239483],[-45.699844,-22.240838],[-45.698388,-22.240845]]]}},{"type":"Feature","properties":{"celula":"C022025","bairro":"Valle","populacao":132.0,"n_ancoras":53},"geometry":{"type":"Polygon","coordinates":[[[-45.698382,-22.23949],[-45.698375,-22.238135],[-45.69983,-22.238128],[-45.699837,-22.239483],[-45.698382,-22.23949]]]}},{"type":"Feature","properties":{"celula":"C022026","bairro":"Valle","populacao":132.0,"n_ancoras":53},"geometry":{"type":"Polygon","coordinates":[[[-45.698375,-22.238135],[-45.698368,-22.23678],[-45.699824,-22.236773],[-45.69983,-22.238128],[-45.698375,-22.238135]]]}},{"type":"Feature","properties":{"celula":"C022027","bairro":"Valle","populacao":148.5,"n_ancoras":59},"geometry":{"type":"Polygon","coordinates":[[[-45.698368,-22.23678],[-45.698361,-22.235425],[-45.699817,-22.235418],[-45.699824,-22.236773],[-45.698368,-22.23678]]]}},{"type":"Feature","properties":{"celula":"C022028","bairro":"Anchieta","populacao":83.2,"n_ancoras":31},"geometry":{"type":"Polygon","coordinates":[[[-45.698361,-22.235425],[-45.698355,-22.23407],[-45.69981,-22.234063],[-45.699817,-22.235418],[-45.698361,-22.235425]]]}},{"type":"Feature","properties":{"celula":"C023003","bairro":"Área não classificada","populacao":0.0,"n_ancoras":0},"geometry":{"type":"Polygon","coordinates":[[[-45.697074,-22.269307],[-45.697067,-22.267952],[-45.698523,-22.267946],[-45.698529,-22.269301],[-45.697074,-22.269307]]]}},{"type":"Feature","properties":{"celula":"C023004","bairro":"Área não classificada","populacao":0.0,"n_ancoras":0},"geometry":{"type":"Polygon","coordinates":[[[-45.697067,-22.267952],[-45.69706,-22.266597],[-45.698516,-22.266591],[-45.698523,-22.267946],[-45.697067,-22.267952]]]}},{"type":"Feature","properties":{"celula":"C023005","bairro":"Área não classificada","populacao":0.0,"n_ancoras":0},"geometry":{"type":"Polygon","coordinates":[[[-45.69706,-22.266597],[-45.697053,-22.265242],[-45.698509,-22.265235],[-45.698516,-22.266591],[-45.69706,-22.266597]]]}},{"type":"Feature","properties":{"celula":"C023006","bairro":"Jardim Santo Antônio","populacao":9.2,"n_ancoras":17},"geometry":{"type":"Polygon","coordinates":[[[-45.697053,-22.265242],[-45.697047,-22.263887],[-45.698503,-22.26388],[-45.698509,-22.265235],[-45.697053,-22.265242]]]}},{"type":"Feature","properties":{"celula":"C023007","bairro":"Jardim Santo Antônio","populacao":42.1,"n_ancoras":56},"geometry":{"type":"Polygon","coordinates":[[[-45.697047,-22.263887],[-45.69704,-22.262532],[-45.698496,-22.262525],[-45.698503,-22.26388],[-45.697047,-22.263887]]]}},{"type":"Feature","properties":{"celula":"C023008","bairro":"Jardim Santo Antônio","populacao":65.9,"n_ancoras":66},"geometry":{"type":"Polygon","coordinates":[[[-45.69704,-22.262532],[-45.697033,-22.261177],[-45.698489,-22.26117],[-45.698496,-22.262525],[-45.69704,-22.262532]]]}},{"type":"Feature","properties":{"celula":"C023009","bairro":"Monte Verde","populacao":51.9,"n_ancoras":52},"geometry":{"type":"Polygon","coordinates":[[[-45.697033,-22.261177],[-45.697027,-22.259822],[-45.698482,-22.259815],[-45.698489,-22.26117],[-45.697033,-22.261177]]]}},{"type":"Feature","properties":{"celula":"C023010","bairro":"Inatel","populacao":85.5,"n_ancoras":57},"geometry":{"type":"Polygon","coordinates":[[[-45.697027,-22.259822],[-45.69702,-22.258467],[-45.698476,-22.25846],[-45.698482,-22.259815],[-45.697027,-22.259822]]]}},{"type":"Feature","properties":{"celula":"C023011","bairro":"Inatel","populacao":114.8,"n_ancoras":70},"geometry":{"type":"Polygon","coordinates":[[[-45.69702,-22.258467],[-45.697013,-22.257112],[-45.698469,-22.257105],[-45.698476,-22.25846],[-45.69702,-22.258467]]]}},{"type":"Feature","properties":{"celula":"C023012","bairro":"Delcídes Telles","populacao":88.4,"n_ancoras":68},"geometry":{"type":"Polygon","coordinates":[[[-45.697013,-22.257112],[-45.697007,-22.255756],[-45.698462,-22.25575],[-45.698469,-22.257105],[-45.697013,-22.257112]]]}},{"type":"Feature","properties":{"celula":"C023013","bairro":"Fátima","populacao":51.5,"n_ancoras":60},"geometry":{"type":"Polygon","coordinates":[[[-45.697007,-22.255756],[-45.697,-22.254401],[-45.698455,-22.254395],[-45.698462,-22.25575],[-45.697007,-22.255756]]]}},{"type":"Feature","properties":{"celula":"C023014","bairro":"Morada do Sol","populacao":67.9,"n_ancoras":60},"geometry":{"type":"Polygon","coordinates":[[[-45.697,-22.254401],[-45.696993,-22.253046],[-45.698449,-22.25304],[-45.698455,-22.254395],[-45.697,-22.254401]]]}},{"type":"Feature","properties":{"celula":"C023015","bairro":"Morada do Sol","populacao":6.1,"n_ancoras":5},"geometry":{"type":"Polygon","coordinates":[[[-45.696993,-22.253046],[-45.696986,-22.251691],[-45.698442,-22.251685],[-45.698449,-22.25304],[-45.696993,-22.253046]]]}},{"type":"Feature","properties":{"celula":"C023016","bairro":"Área não classificada","populacao":0.0,"n_ancoras":0},"geometry":{"type":"Polygon","coordinates":[[[-45.696986,-22.251691],[-45.69698,-22.250336],[-45.698435,-22.25033],[-45.698442,-22.251685],[-45.696986,-22.251691]]]}},{"type":"Feature","properties":{"celula":"C023017","bairro":"Vila das Fontes","populacao":28.4,"n_ancoras":23},"geometry":{"type":"Polygon","coordinates":[[[-45.69698,-22.250336],[-45.696973,-22.248981],[-45.698429,-22.248975],[-45.698435,-22.25033],[-45.69698,-22.250336]]]}},{"type":"Feature","properties":{"celula":"C023018","bairro":"Portal da Torre","populacao":70.3,"n_ancoras":57},"geometry":{"type":"Polygon","coordinates":[[[-45.696973,-22.248981],[-45.696966,-22.247626],[-45.698422,-22.24762],[-45.698429,-22.248975],[-45.696973,-22.248981]]]}},{"type":"Feature","properties":{"celula":"C023019","bairro":"Portal da Torre","populacao":14.9,"n_ancoras":12},"geometry":{"type":"Polygon","coordinates":[[[-45.696966,-22.247626],[-45.69696,-22.246271],[-45.698415,-22.246265],[-45.698422,-22.24762],[-45.696966,-22.247626]]]}},{"type":"Feature","properties":{"celula":"C023020","bairro":"Área não classificada","populacao":0.0,"n_ancoras":0},"geometry":{"type":"Polygon","coordinates":[[[-45.69696,-22.246271],[-45.696953,-22.244916],[-45.698408,-22.24491],[-45.698415,-22.246265],[-45.69696,-22.246271]]]}},{"type":"Feature","properties":{"celula":"C023025","bairro":"Valle","populacao":14.9,"n_ancoras":6},"geometry":{"type":"Polygon","coordinates":[[[-45.696926,-22.239496],[-45.696919,-22.238141],[-45.698375,-22.238135],[-45.698382,-22.23949],[-45.696926,-22.239496]]]}},{"type":"Feature","properties":{"celula":"C023026","bairro":"Valle","populacao":64.7,"n_ancoras":26},"geometry":{"type":"Polygon","coordinates":[[[-45.696919,-22.238141],[-45.696913,-22.236786],[-45.698368,-22.23678],[-45.698375,-22.238135],[-45.696919,-22.238141]]]}},{"type":"Feature","properties":{"celula":"C023027","bairro":"Valle","populacao":2.5,"n_ancoras":1},"geometry":{"type":"Polygon","coordinates":[[[-45.696913,-22.236786],[-45.696906,-22.235431],[-45.698361,-22.235425],[-45.698368,-22.23678],[-45.696913,-22.236786]]]}},{"type":"Feature","properties":{"celula":"C024005","bairro":"Área não classificada","populacao":0.0,"n_ancoras":0},"geometry":{"type":"Polygon","coordinates":[[[-45.695604,-22.266603],[-45.695598,-22.265248],[-45.697053,-22.265242],[-45.69706,-22.266597],[-45.695604,-22.266603]]]}},{"type":"Feature","properties":{"celula":"C024006","bairro":"Monte Líbano","populacao":5.4,"n_ancoras":10},"geometry":{"type":"Polygon","coordinates":[[[-45.695598,-22.265248],[-45.695591,-22.263893],[-45.697047,-22.263887],[-45.697053,-22.265242],[-45.695598,-22.265248]]]}},{"type":"Feature","properties":{"celula":"C024007","bairro":"Monte Líbano","populacao":31.2,"n_ancoras":58},"geometry":{"type":"Polygon","coordinates":[[[-45.695591,-22.263893],[-45.695584,-22.262538],[-45.69704,-22.262532],[-45.697047,-22.263887],[-45.695591,-22.263893]]]}},{"type":"Feature","properties":{"celula":"C024008","bairro":"Monte Verde","populacao":50.8,"n_ancoras":55},"geometry":{"type":"Polygon","coordinates":[[[-45.695584,-22.262538],[-45.695578,-22.261183],[-45.697033,-22.261177],[-45.69704,-22.262532],[-45.695584,-22.262538]]]}},{"type":"Feature","properties":{"celula":"C024009","bairro":"Monte Verde","populacao":72.9,"n_ancoras":73},"geometry":{"type":"Polygon","coordinates":[[[-45.695578,-22.261183],[-45.695571,-22.259828],[-45.697027,-22.259822],[-45.697033,-22.261177],[-45.695578,-22.261183]]]}},{"type":"Feature","properties":{"celula":"C024010","bairro":"Inatel","populacao":52.5,"n_ancoras":53},"geometry":{"type":"Polygon","coordinates":[[[-45.695571,-22.259828],[-45.695564,-22.258473],[-45.69702,-22.258467],[-45.697027,-22.259822],[-45.695571,-22.259828]]]}},{"type":"Feature","properties":{"celula":"C024011","bairro":"Inatel","populacao":71.8,"n_ancoras":81},"geometry":{"type":"Polygon","coordinates":[[[-45.695564,-22.258473],[-45.695557,-22.257118],[-45.697013,-22.257112],[-45.69702,-22.258467],[-45.695564,-22.258473]]]}},{"type":"Feature","properties":{"celula":"C024012","bairro":"Fátima","populacao":61.6,"n_ancoras":71},"geometry":{"type":"Polygon","coordinates":[[[-45.695557,-22.257118],[-45.695551,-22.255763],[-45.697007,-22.255756],[-45.697013,-22.257112],[-45.695557,-22.257118]]]}},{"type":"Feature","properties":{"celula":"C024013","bairro":"Fátima","populacao":78.5,"n_ancoras":92},"geometry":{"type":"Polygon","coordinates":[[[-45.695551,-22.255763],[-45.695544,-22.254408],[-45.697,-22.254401],[-45.697007,-22.255756],[-45.695551,-22.255763]]]}},{"type":"Feature","properties":{"celula":"C024014","bairro":"Morada do Sol","populacao":48.7,"n_ancoras":47},"geometry":{"type":"Polygon","coordinates":[[[-45.695544,-22.254408],[-45.695537,-22.253053],[-45.696993,-22.253046],[-45.697,-22.254401],[-45.695544,-22.254408]]]}},{"type":"Feature","properties":{"celula":"C024015","bairro":"Morada do Sol","populacao":58.6,"n_ancoras":48},"geometry":{"type":"Polygon","coordinates":[[[-45.695537,-22.253053],[-45.695531,-22.251698],[-45.696986,-22.251691],[-45.696993,-22.253046],[-45.695537,-22.253053]]]}},{"type":"Feature","properties":{"celula":"C024016","bairro":"Morada do Sol","populacao":26.9,"n_ancoras":22},"geometry":{"type":"Polygon","coordinates":[[[-45.695531,-22.251698],[-45.695524,-22.250343],[-45.69698,-22.250336],[-45.696986,-22.251691],[-45.695531,-22.251698]]]}},{"type":"Feature","properties":{"celula":"C024017","bairro":"Vila das Fontes","populacao":11.0,"n_ancoras":9},"geometry":{"type":"Polygon","coordinates":[[[-45.695524,-22.250343],[-45.695517,-22.248987],[-45.696973,-22.248981],[-45.69698,-22.250336],[-45.695524,-22.250343]]]}},{"type":"Feature","properties":{"celula":"C024018","bairro":"Portal da Torre","populacao":36.6,"n_ancoras":30},"geometry":{"type":"Polygon","coordinates":[[[-45.695517,-22.248987],[-45.695511,-22.247632],[-45.696966,-22.247626],[-45.696973,-22.248981],[-45.695517,-22.248987]]]}},{"type":"Feature","properties":{"celula":"C024019","bairro":"Portal da Torre","populacao":42.9,"n_ancoras":35},"geometry":{"type":"Polygon","coordinates":[[[-45.695511,-22.247632],[-45.695504,-22.246277],[-45.69696,-22.246271],[-45.696966,-22.247626],[-45.695511,-22.247632]]]}},{"type":"Feature","properties":{"celula":"C024020","bairro":"Portal da Torre","populacao":21.0,"n_ancoras":17},"geometry":{"type":"Polygon","coordinates":[[[-45.695504,-22.246277],[-45.695497,-22.244922],[-45.696953,-22.244916],[-45.69696,-22.246271],[-45.695504,-22.246277]]]}},{"type":"Feature","properties":{"celula":"C025005","bairro":"Jairo Grillo","populacao":11.8,"n_ancoras":22},"geometry":{"type":"Polygon","coordinates":[[[-45.694149,-22.266609],[-45.694142,-22.265254],[-45.695598,-22.265248],[-45.695604,-22.266603],[-45.694149,-22.266609]]]}},{"type":"Feature","properties":{"celula":"C025006","bairro":"Jairo Grillo","populacao":38.8,"n_ancoras":72},"geometry":{"type":"Polygon","coordinates":[[[-45.694142,-22.265254],[-45.694135,-22.263899],[-45.695591,-22.263893],[-45.695598,-22.265248],[-45.694142,-22.265254]]]}},{"type":"Feature","properties":{"celula":"C025007","bairro":"Monte Líbano","populacao":45.8,"n_ancoras":85},"geometry":{"type":"Polygon","coordinates":[[[-45.694135,-22.263899],[-45.694128,-22.262544],[-45.695584,-22.262538],[-45.695591,-22.263893],[-45.694135,-22.263899]]]}},{"type":"Feature","properties":{"celula":"C025008","bairro":"Monte Líbano","populacao":55.8,"n_ancoras":78},"geometry":{"type":"Polygon","coordinates":[[[-45.694128,-22.262544],[-45.694122,-22.261189],[-45.695578,-22.261183],[-45.695584,-22.262538],[-45.694128,-22.262544]]]}},{"type":"Feature","properties":{"celula":"C025009","bairro":"Monte Verde","populacao":68.9,"n_ancoras":69},"geometry":{"type":"Polygon","coordinates":[[[-45.694122,-22.261189],[-45.694115,-22.259834],[-45.695571,-22.259828],[-45.695578,-22.261183],[-45.694122,-22.261189]]]}},{"type":"Feature","properties":{"celula":"C025010","bairro":"Monte Belo","populacao":57.5,"n_ancoras":58},"geometry":{"type":"Polygon","coordinates":[[[-45.694115,-22.259834],[-45.694108,-22.258479],[-45.695564,-22.258473],[-45.695571,-22.259828],[-45.694115,-22.259834]]]}},{"type":"Feature","properties":{"celula":"C025011","bairro":"Monte Belo","populacao":54.3,"n_ancoras":59},"geometry":{"type":"Polygon","coordinates":[[[-45.694108,-22.258479],[-45.694102,-22.257124],[-45.695557,-22.257118],[-45.695564,-22.258473],[-45.694108,-22.258479]]]}},{"type":"Feature","properties":{"celula":"C025012","bairro":"Fátima","populacao":97.7,"n_ancoras":114},"geometry":{"type":"Polygon","coordinates":[[[-45.694102,-22.257124],[-45.694095,-22.255769],[-45.695551,-22.255763],[-45.695557,-22.257118],[-45.694102,-22.257124]]]}},{"type":"Feature","properties":{"celula":"C025013","bairro":"Fátima","populacao":61.8,"n_ancoras":75},"geometry":{"type":"Polygon","coordinates":[[[-45.694095,-22.255769],[-45.694088,-22.254414],[-45.695544,-22.254408],[-45.695551,-22.255763],[-45.694095,-22.255769]]]}},{"type":"Feature","properties":{"celula":"C025014","bairro":"Morada do Sol","populacao":73.1,"n_ancoras":82},"geometry":{"type":"Polygon","coordinates":[[[-45.694088,-22.254414],[-45.694082,-22.253059],[-45.695537,-22.253053],[-45.695544,-22.254408],[-45.694088,-22.254414]]]}},{"type":"Feature","properties":{"celula":"C025015","bairro":"Santana","populacao":105.0,"n_ancoras":86},"geometry":{"type":"Polygon","coordinates":[[[-45.694082,-22.253059],[-45.694075,-22.251704],[-45.695531,-22.251698],[-45.695537,-22.253053],[-45.694082,-22.253059]]]}},{"type":"Feature","properties":{"celula":"C025016","bairro":"Jardim dos Estados","populacao":57.4,"n_ancoras":47},"geometry":{"type":"Polygon","coordinates":[[[-45.694075,-22.251704],[-45.694068,-22.250349],[-45.695524,-22.250343],[-45.695531,-22.251698],[-45.694075,-22.251704]]]}},{"type":"Feature","properties":{"celula":"C025017","bairro":"Jardim dos Estados","populacao":47.6,"n_ancoras":39},"geometry":{"type":"Polygon","coordinates":[[[-45.694068,-22.250349],[-45.694062,-22.248994],[-45.695517,-22.248987],[-45.695524,-22.250343],[-45.694068,-22.250349]]]}},{"type":"Feature","properties":{"celula":"C025018","bairro":"Portal da Torre","populacao":74.5,"n_ancoras":61},"geometry":{"type":"Polygon","coordinates":[[[-45.694062,-22.248994],[-45.694055,-22.247639],[-45.695511,-22.247632],[-45.695517,-22.248987],[-45.694062,-22.248994]]]}},{"type":"Feature","properties":{"celula":"C025019","bairro":"Portal da Torre","populacao":59.8,"n_ancoras":49},"geometry":{"type":"Polygon","coordinates":[[[-45.694055,-22.247639],[-45.694048,-22.246284],[-45.695504,-22.246277],[-45.695511,-22.247632],[-45.694055,-22.247639]]]}},{"type":"Feature","properties":{"celula":"C025020","bairro":"Área não classificada","populacao":0.0,"n_ancoras":0},"geometry":{"type":"Polygon","coordinates":[[[-45.694048,-22.246284],[-45.694042,-22.244929],[-45.695497,-22.244922],[-45.695504,-22.246277],[-45.694048,-22.246284]]]}},{"type":"Feature","properties":{"celula":"C026005","bairro":"Jairo Grillo","populacao":4.3,"n_ancoras":8},"geometry":{"type":"Polygon","coordinates":[[[-45.692693,-22.266615],[-45.692686,-22.26526],[-45.694142,-22.265254],[-45.694149,-22.266609],[-45.692693,-22.266615]]]}},{"type":"Feature","properties":{"celula":"C026006","bairro":"Jairo Grillo","populacao":43.6,"n_ancoras":81},"geometry":{"type":"Polygon","coordinates":[[[-45.692686,-22.26526],[-45.692679,-22.263905],[-45.694135,-22.263899],[-45.694142,-22.265254],[-45.692686,-22.26526]]]}},{"type":"Feature","properties":{"celula":"C026007","bairro":"Jairo Grillo","populacao":35.5,"n_ancoras":66},"geometry":{"type":"Polygon","coordinates":[[[-45.692679,-22.263905],[-45.692673,-22.26255],[-45.694128,-22.262544],[-45.694135,-22.263899],[-45.692679,-22.263905]]]}},{"type":"Feature","properties":{"celula":"C026008","bairro":"Monte Líbano","populacao":25.4,"n_ancoras":42},"geometry":{"type":"Polygon","coordinates":[[[-45.692673,-22.26255],[-45.692666,-22.261195],[-45.694122,-22.261189],[-45.694128,-22.262544],[-45.692673,-22.26255]]]}},{"type":"Feature","properties":{"celula":"C026009","bairro":"Monte Belo","populacao":64.9,"n_ancoras":65},"geometry":{"type":"Polygon","coordinates":[[[-45.692666,-22.261195],[-45.692659,-22.25984],[-45.694115,-22.259834],[-45.694122,-22.261189],[-45.692666,-22.261195]]]}},{"type":"Feature","properties":{"celula":"C026010","bairro":"Monte Belo","populacao":71.9,"n_ancoras":72},"geometry":{"type":"Polygon","coordinates":[[[-45.692659,-22.25984],[-45.692653,-22.258485],[-45.694108,-22.258479],[-45.694115,-22.259834],[-45.692659,-22.25984]]]}},{"type":"Feature","properties":{"celula":"C026011","bairro":"Monte Belo","populacao":74.9,"n_ancoras":75},"geometry":{"type":"Polygon","coordinates":[[[-45.692653,-22.258485],[-45.692646,-22.25713],[-45.694102,-22.257124],[-45.694108,-22.258479],[-45.692653,-22.258485]]]}},{"type":"Feature","properties":{"celula":"C026012","bairro":"Monte Belo","populacao":60.7,"n_ancoras":70},"geometry":{"type":"Polygon","coordinates":[[[-45.692646,-22.25713],[-45.692639,-22.255775],[-45.694095,-22.255769],[-45.694102,-22.257124],[-45.692646,-22.25713]]]}},{"type":"Feature","properties":{"celula":"C026013","bairro":"Santana","populacao":58.9,"n_ancoras":72},"geometry":{"type":"Polygon","coordinates":[[[-45.692639,-22.255775],[-45.692633,-22.25442],[-45.694088,-22.254414],[-45.694095,-22.255769],[-45.692639,-22.255775]]]}},{"type":"Feature","properties":{"celula":"C026014","bairro":"Santana","populacao":56.2,"n_ancoras":68},"geometry":{"type":"Polygon","coordinates":[[[-45.692633,-22.25442],[-45.692626,-22.253065],[-45.694082,-22.253059],[-45.694088,-22.254414],[-45.692633,-22.25442]]]}},{"type":"Feature","properties":{"celula":"C026015","bairro":"Jardim dos Estados","populacao":105.7,"n_ancoras":89},"geometry":{"type":"Polygon","coordinates":[[[-45.692626,-22.253065],[-45.692619,-22.25171],[-45.694075,-22.251704],[-45.694082,-22.253059],[-45.692626,-22.253065]]]}},{"type":"Feature","properties":{"celula":"C026016","bairro":"Jardim dos Estados","populacao":85.5,"n_ancoras":70},"geometry":{"type":"Polygon","coordinates":[[[-45.692619,-22.25171],[-45.692613,-22.250355],[-45.694068,-22.250349],[-45.694075,-22.251704],[-45.692619,-22.25171]]]}},{"type":"Feature","properties":{"celula":"C026017","bairro":"Jardim dos Estados","populacao":35.4,"n_ancoras":29},"geometry":{"type":"Polygon","coordinates":[[[-45.692613,-22.250355],[-45.692606,-22.249],[-45.694062,-22.248994],[-45.694068,-22.250349],[-45.692613,-22.250355]]]}},{"type":"Feature","properties":{"celula":"C026018","bairro":"Jardim dos Estados","populacao":61.0,"n_ancoras":50},"geometry":{"type":"Polygon","coordinates":[[[-45.692606,-22.249],[-45.692599,-22.247645],[-45.694055,-22.247639],[-45.694062,-22.248994],[-45.692606,-22.249]]]}},{"type":"Feature","properties":{"celula":"C026019","bairro":"Jardim dos Estados","populacao":8.5,"n_ancoras":7},"geometry":{"type":"Polygon","coordinates":[[[-45.692599,-22.247645],[-45.692593,-22.24629],[-45.694048,-22.246284],[-45.694055,-22.247639],[-45.692599,-22.247645]]]}},{"type":"Feature","properties":{"celula":"C027006","bairro":"Jairo Grillo","populacao":25.3,"n_ancoras":47},"geometry":{"type":"Polygon","coordinates":[[[-45.69123,-22.265267],[-45.691224,-22.263912],[-45.692679,-22.263905],[-45.692686,-22.26526],[-45.69123,-22.265267]]]}},{"type":"Feature","properties":{"celula":"C027007","bairro":"Jairo Grillo","populacao":24.8,"n_ancoras":46},"geometry":{"type":"Polygon","coordinates":[[[-45.691224,-22.263912],[-45.691217,-22.262557],[-45.692673,-22.26255],[-45.692679,-22.263905],[-45.691224,-22.263912]]]}},{"type":"Feature","properties":{"celula":"C027008","bairro":"Monte Líbano","populacao":2.7,"n_ancoras":5},"geometry":{"type":"Polygon","coordinates":[[[-45.691217,-22.262557],[-45.69121,-22.261202],[-45.692666,-22.261195],[-45.692673,-22.26255],[-45.691217,-22.262557]]]}},{"type":"Feature","properties":{"celula":"C027009","bairro":"Monte Belo","populacao":15.0,"n_ancoras":15},"geometry":{"type":"Polygon","coordinates":[[[-45.69121,-22.261202],[-45.691204,-22.259846],[-45.692659,-22.25984],[-45.692666,-22.261195],[-45.69121,-22.261202]]]}},{"type":"Feature","properties":{"celula":"C027010","bairro":"Monte Belo","populacao":82.8,"n_ancoras":83},"geometry":{"type":"Polygon","coordinates":[[[-45.691204,-22.259846],[-45.691197,-22.258491],[-45.692653,-22.258485],[-45.692659,-22.25984],[-45.691204,-22.259846]]]}},{"type":"Feature","properties":{"celula":"C027011","bairro":"Monte Belo","populacao":77.1,"n_ancoras":83},"geometry":{"type":"Polygon","coordinates":[[[-45.691197,-22.258491],[-45.69119,-22.257136],[-45.692646,-22.25713],[-45.692653,-22.258485],[-45.691197,-22.258491]]]}},{"type":"Feature","properties":{"celula":"C027012","bairro":"Santana II","populacao":54.0,"n_ancoras":66},"geometry":{"type":"Polygon","coordinates":[[[-45.69119,-22.257136],[-45.691184,-22.255781],[-45.692639,-22.255775],[-45.692646,-22.25713],[-45.69119,-22.257136]]]}},{"type":"Feature","properties":{"celula":"C027013","bairro":"Santana","populacao":57.3,"n_ancoras":70},"geometry":{"type":"Polygon","coordinates":[[[-45.691184,-22.255781],[-45.691177,-22.254426],[-45.692633,-22.25442],[-45.692639,-22.255775],[-45.691184,-22.255781]]]}},{"type":"Feature","properties":{"celula":"C027014","bairro":"Santana","populacao":67.9,"n_ancoras":76},"geometry":{"type":"Polygon","coordinates":[[[-45.691177,-22.254426],[-45.69117,-22.253071],[-45.692626,-22.253065],[-45.692633,-22.25442],[-45.691177,-22.254426]]]}},{"type":"Feature","properties":{"celula":"C027015","bairro":"Jardim dos Estados","populacao":81.0,"n_ancoras":73},"geometry":{"type":"Polygon","coordinates":[[[-45.69117,-22.253071],[-45.691164,-22.251716],[-45.692619,-22.25171],[-45.692626,-22.253065],[-45.69117,-22.253071]]]}},{"type":"Feature","properties":{"celula":"C027016","bairro":"Jardim dos Estados","populacao":112.8,"n_ancoras":95},"geometry":{"type":"Polygon","coordinates":[[[-45.691164,-22.251716],[-45.691157,-22.250361],[-45.692613,-22.250355],[-45.692619,-22.25171],[-45.691164,-22.251716]]]}},{"type":"Feature","properties":{"celula":"C027017","bairro":"Fortaleza","populacao":48.8,"n_ancoras":40},"geometry":{"type":"Polygon","coordinates":[[[-45.691157,-22.250361],[-45.69115,-22.249006],[-45.692606,-22.249],[-45.692613,-22.250355],[-45.691157,-22.250361]]]}},{"type":"Feature","properties":{"celula":"C027018","bairro":"Área não classificada","populacao":0.0,"n_ancoras":0},"geometry":{"type":"Polygon","coordinates":[[[-45.69115,-22.249006],[-45.691144,-22.247651],[-45.692599,-22.247645],[-45.692606,-22.249],[-45.69115,-22.249006]]]}},{"type":"Feature","properties":{"celula":"C028006","bairro":"Área não classificada","populacao":0.0,"n_ancoras":0},"geometry":{"type":"Polygon","coordinates":[[[-45.689774,-22.265273],[-45.689768,-22.263918],[-45.691224,-22.263912],[-45.69123,-22.265267],[-45.689774,-22.265273]]]}},{"type":"Feature","properties":{"celula":"C028007","bairro":"Área não classificada","populacao":0.0,"n_ancoras":0},"geometry":{"type":"Polygon","coordinates":[[[-45.689768,-22.263918],[-45.689761,-22.262563],[-45.691217,-22.262557],[-45.691224,-22.263912],[-45.689768,-22.263918]]]}},{"type":"Feature","properties":{"celula":"C028010","bairro":"Monte Belo","populacao":28.0,"n_ancoras":29},"geometry":{"type":"Polygon","coordinates":[[[-45.689748,-22.259853],[-45.689741,-22.258498],[-45.691197,-22.258491],[-45.691204,-22.259846],[-45.689748,-22.259853]]]}},{"type":"Feature","properties":{"celula":"C028011","bairro":"Santana II","populacao":42.5,"n_ancoras":51},"geometry":{"type":"Polygon","coordinates":[[[-45.689741,-22.258498],[-45.689735,-22.257143],[-45.69119,-22.257136],[-45.691197,-22.258491],[-45.689741,-22.258498]]]}},{"type":"Feature","properties":{"celula":"C028012","bairro":"Santana II","populacao":22.1,"n_ancoras":27},"geometry":{"type":"Polygon","coordinates":[[[-45.689735,-22.257143],[-45.689728,-22.255788],[-45.691184,-22.255781],[-45.69119,-22.257136],[-45.689735,-22.257143]]]}},{"type":"Feature","properties":{"celula":"C028013","bairro":"Santana II","populacao":40.9,"n_ancoras":50},"geometry":{"type":"Polygon","coordinates":[[[-45.689728,-22.255788],[-45.689721,-22.254432],[-45.691177,-22.254426],[-45.691184,-22.255781],[-45.689728,-22.255788]]]}},{"type":"Feature","properties":{"celula":"C028014","bairro":"Viana","populacao":59.6,"n_ancoras":62},"geometry":{"type":"Polygon","coordinates":[[[-45.689721,-22.254432],[-45.689715,-22.253077],[-45.69117,-22.253071],[-45.691177,-22.254426],[-45.689721,-22.254432]]]}},{"type":"Feature","properties":{"celula":"C028015","bairro":"Viana","populacao":61.8,"n_ancoras":56},"geometry":{"type":"Polygon","coordinates":[[[-45.689715,-22.253077],[-45.689708,-22.251722],[-45.691164,-22.251716],[-45.69117,-22.253071],[-45.689715,-22.253077]]]}},{"type":"Feature","properties":{"celula":"C028016","bairro":"Fortaleza","populacao":84.0,"n_ancoras":76},"geometry":{"type":"Polygon","coordinates":[[[-45.689708,-22.251722],[-45.689701,-22.250367],[-45.691157,-22.250361],[-45.691164,-22.251716],[-45.689708,-22.251722]]]}},{"type":"Feature","properties":{"celula":"C028017","bairro":"Fortaleza","populacao":10.5,"n_ancoras":9},"geometry":{"type":"Polygon","coordinates":[[[-45.689701,-22.250367],[-45.689695,-22.249012],[-45.69115,-22.249006],[-45.691157,-22.250361],[-45.689701,-22.250367]]]}},{"type":"Feature","properties":{"celula":"C029011","bairro":"Área não classificada","populacao":0.0,"n_ancoras":0},"geometry":{"type":"Polygon","coordinates":[[[-45.688285,-22.258504],[-45.688279,-22.257149],[-45.689735,-22.257143],[-45.689741,-22.258498],[-45.688285,-22.258504]]]}},{"type":"Feature","properties":{"celula":"C029012","bairro":"Santana II","populacao":2.5,"n_ancoras":3},"geometry":{"type":"Polygon","coordinates":[[[-45.688279,-22.257149],[-45.688272,-22.255794],[-45.689728,-22.255788],[-45.689735,-22.257143],[-45.688279,-22.257149]]]}},{"type":"Feature","properties":{"celula":"C029013","bairro":"Santana II","populacao":55.6,"n_ancoras":68},"geometry":{"type":"Polygon","coordinates":[[[-45.688272,-22.255794],[-45.688266,-22.254439],[-45.689721,-22.254432],[-45.689728,-22.255788],[-45.688272,-22.255794]]]}},{"type":"Feature","properties":{"celula":"C029014","bairro":"Santana II","populacao":68.7,"n_ancoras":64},"geometry":{"type":"Polygon","coordinates":[[[-45.688266,-22.254439],[-45.688259,-22.253084],[-45.689715,-22.253077],[-45.689721,-22.254432],[-45.688266,-22.254439]]]}},{"type":"Feature","properties":{"celula":"C029015","bairro":"Viana","populacao":91.6,"n_ancoras":83},"geometry":{"type":"Polygon","coordinates":[[[-45.688259,-22.253084],[-45.688252,-22.251729],[-45.689708,-22.251722],[-45.689715,-22.253077],[-45.688259,-22.253084]]]}},{"type":"Feature","properties":{"celula":"C029016","bairro":"Viana","populacao":93.9,"n_ancoras":85},"geometry":{"type":"Polygon","coordinates":[[[-45.688252,-22.251729],[-45.688246,-22.250374],[-45.689701,-22.250367],[-45.689708,-22.251722],[-45.688252,-22.251729]]]}},{"type":"Feature","properties":{"celula":"C029017","bairro":"Área não classificada","populacao":0.0,"n_ancoras":0},"geometry":{"type":"Polygon","coordinates":[[[-45.688246,-22.250374],[-45.688239,-22.249018],[-45.689695,-22.249012],[-45.689701,-22.250367],[-45.688246,-22.250374]]]}},{"type":"Feature","properties":{"celula":"C030011","bairro":"Área não classificada","populacao":0.0,"n_ancoras":0},"geometry":{"type":"Polygon","coordinates":[[[-45.68683,-22.25851],[-45.686823,-22.257155],[-45.688279,-22.257149],[-45.688285,-22.258504],[-45.68683,-22.25851]]]}},{"type":"Feature","properties":{"celula":"C030012","bairro":"Santana II","populacao":1.6,"n_ancoras":2},"geometry":{"type":"Polygon","coordinates":[[[-45.686823,-22.257155],[-45.686817,-22.2558],[-45.688272,-22.255794],[-45.688279,-22.257149],[-45.686823,-22.257155]]]}},{"type":"Feature","properties":{"celula":"C030013","bairro":"Santana II","populacao":17.8,"n_ancoras":21},"geometry":{"type":"Polygon","coordinates":[[[-45.686817,-22.2558],[-45.68681,-22.254445],[-45.688266,-22.254439],[-45.688272,-22.255794],[-45.686817,-22.2558]]]}},{"type":"Feature","properties":{"celula":"C030014","bairro":"Viana","populacao":9.9,"n_ancoras":9},"geometry":{"type":"Polygon","coordinates":[[[-45.68681,-22.254445],[-45.686803,-22.25309],[-45.688259,-22.253084],[-45.688266,-22.254439],[-45.68681,-22.254445]]]}},{"type":"Feature","properties":{"celula":"C030015","bairro":"Viana","populacao":35.3,"n_ancoras":32},"geometry":{"type":"Polygon","coordinates":[[[-45.686803,-22.25309],[-45.686797,-22.251735],[-45.688252,-22.251729],[-45.688259,-22.253084],[-45.686803,-22.25309]]]}},{"type":"Feature","properties":{"celula":"C030016","bairro":"Viana","populacao":67.4,"n_ancoras":61},"geometry":{"type":"Polygon","coordinates":[[[-45.686797,-22.251735],[-45.68679,-22.25038],[-45.688246,-22.250374],[-45.688252,-22.251729],[-45.686797,-22.251735]]]}},{"type":"Feature","properties":{"celula":"C030017","bairro":"Viana","populacao":2.2,"n_ancoras":2},"geometry":{"type":"Polygon","coordinates":[[[-45.68679,-22.25038],[-45.686783,-22.249025],[-45.688239,-22.249018],[-45.688246,-22.250374],[-45.68679,-22.25038]]]}},{"type":"Feature","properties":{"celula":"C031012","bairro":"Área não classificada","populacao":0.0,"n_ancoras":0},"geometry":{"type":"Polygon","coordinates":[[[-45.685367,-22.257161],[-45.685361,-22.255806],[-45.686817,-22.2558],[-45.686823,-22.257155],[-45.685367,-22.257161]]]}},{"type":"Feature","properties":{"celula":"C031013","bairro":"Santana II","populacao":36.4,"n_ancoras":33},"geometry":{"type":"Polygon","coordinates":[[[-45.685361,-22.255806],[-45.685354,-22.254451],[-45.68681,-22.254445],[-45.686817,-22.2558],[-45.685361,-22.255806]]]}},{"type":"Feature","properties":{"celula":"C031014","bairro":"Santana II","populacao":22.1,"n_ancoras":20},"geometry":{"type":"Polygon","coordinates":[[[-45.685354,-22.254451],[-45.685348,-22.253096],[-45.686803,-22.25309],[-45.68681,-22.254445],[-45.685354,-22.254451]]]}},{"type":"Feature","properties":{"celula":"C031015","bairro":"Viana","populacao":27.6,"n_ancoras":25},"geometry":{"type":"Polygon","coordinates":[[[-45.685348,-22.253096],[-45.685341,-22.251741],[-45.686797,-22.251735],[-45.686803,-22.25309],[-45.685348,-22.253096]]]}},{"type":"Feature","properties":{"celula":"C031016","bairro":"Viana","populacao":14.4,"n_ancoras":13},"geometry":{"type":"Polygon","coordinates":[[[-45.685341,-22.251741],[-45.685334,-22.250386],[-45.68679,-22.25038],[-45.686797,-22.251735],[-45.685341,-22.251741]]]}},{"type":"Feature","properties":{"celula":"C032012","bairro":"Área não classificada","populacao":0.0,"n_ancoras":0},"geometry":{"type":"Polygon","coordinates":[[[-45.683912,-22.257167],[-45.683905,-22.255812],[-45.685361,-22.255806],[-45.685367,-22.257161],[-45.683912,-22.257167]]]}},{"type":"Feature","properties":{"celula":"C032013","bairro":"Área não classificada","populacao":0.0,"n_ancoras":0},"geometry":{"type":"Polygon","coordinates":[[[-45.683905,-22.255812],[-45.683898,-22.254457],[-45.685354,-22.254451],[-45.685361,-22.255806],[-45.683905,-22.255812]]]}},{"type":"Feature","properties":{"celula":"C032014","bairro":"Santana II","populacao":9.9,"n_ancoras":9},"geometry":{"type":"Polygon","coordinates":[[[-45.683898,-22.254457],[-45.683892,-22.253102],[-45.685348,-22.253096],[-45.685354,-22.254451],[-45.683898,-22.254457]]]}},{"type":"Feature","properties":{"celula":"C032015","bairro":"Viana","populacao":22.1,"n_ancoras":20},"geometry":{"type":"Polygon","coordinates":[[[-45.683892,-22.253102],[-45.683885,-22.251747],[-45.685341,-22.251741],[-45.685348,-22.253096],[-45.683892,-22.253102]]]}},{"type":"Feature","properties":{"celula":"C032016","bairro":"Viana","populacao":11.0,"n_ancoras":10},"geometry":{"type":"Polygon","coordinates":[[[-45.683885,-22.251747],[-45.683879,-22.250392],[-45.685334,-22.250386],[-45.685341,-22.251741],[-45.683885,-22.251747]]]}}]}